Valor,TipoAluguel,Iptu,Area,Quartos,Banheiros,Vagas,Cidade,Endereco
"
6000
",mês,0,"
421
","
3
","
3
","
6
",florianopolis,"Rua Elesbão Pinto da Luz, Jardim Atlântico"
"
30000
",mês, 6500,"
800
","
6
","
7
","
4
",florianopolis,"Rua dos Peixes, Jurerê Internacional"
"
2000
",dia,0,"
320
","
4
","
5
","
2
",florianopolis,"Rua dos Pintados, Jurerê Internacional"
"
1400
",dia,0,"
300
","
4
","
3
","
2
",florianopolis,"Rua dos Corais, Jurerê Internacional"
"
2000
",mês, 34,"
115
","
2
","
3
","
1
",florianopolis,"Rodovia Francisco Germano da Costa, Vargem Pequena"
"
1800
",dia,0,"
400
","
6
","
5
","
2
",florianopolis,"Rua das Tabaronas, Jurerê Internacional"
"
3000
",dia,0,"
400
","
5
","
6
","
2
",florianopolis,"Rua das Tainhas, Jurerê Internacional"
"
1600
",mês, 25,"
100
","
3
","
2
","
3
",florianopolis,"Rua da Pedra, Tapera"
"
800
",dia,0,"
300
","
4
","
4
","
2
",florianopolis,"Rua das Pirapitingas, Jurerê"
"
1200
",dia,0,"
100
","
3
","
2
","
1
",florianopolis,"Avenida dos Salmões, Jurerê Internacional"
"
1000
",dia,0,"
280
","
3
","
1
","
2
",florianopolis,"Avenida dos Bonitos, Jurerê Internacional"
"
1000
",dia,0,"
320
","
5
","
2
","
2
",florianopolis,"Rua Francisco Gouveia, Jurerê"
"
2200
",mês,0,"
90
","
2
","
2
","
1
",florianopolis,"Rua Professor Emanoel Paulo Peluso, Campeche"
"
1600
",dia,0,"
320
","
4
","
2
","
2
",florianopolis,"Rua dos Lambari-Guaçu, Jurerê Internacional"
"
2000
",dia,0,"
300
","
5
","
7
","
2
",florianopolis,"Avenida das Lagostas, Jurerê Internacional"
"
1400
",dia,0,"
300
","
4
","
5
","
3
",florianopolis,"Rua dos Surubins, Jurerê"
"
200
",mês,0,"
200
","
3
","
2
","
2
",florianopolis,"Avenida Luiz Boiteux Piazza, Ponta das Canas"
"
3300
",mês, 100,"
150
","
2
","
3
","
1
",florianopolis,"Trindade, Florianópolis"
"
2800
",mês, 70,"
133
","
2
","
3
","
2
",florianopolis,"Servidão Manoel João Pires, Campeche"
"
1800
",mês, 40,"
120
","
2
","
2
","
5
",florianopolis,"Servidão Serafim Policiano de Menezes, São João do Rio Vermelho"
"
1400
",dia,0,"
250
","
5
","
5
","
3
",florianopolis,"Servidão Aconchego, Cachoeira do Bom Jesus"
"
3000
",dia,0,"
600
","
5
","
6
","
2
",florianopolis,"Rua das Sapopemas, Jurerê"
"
380
",dia,0,"
100
","
3
","
2
","
2
",florianopolis,"Avenida das Paineiras, Daniela"
"
2700
",mês, 48,"
105
","
2
","
1
","
1
",florianopolis,"Servidão Carminati, Saco dos Limões"
"
1500
",mês, 200,"
120
","
2
","
2
","
1
",florianopolis,"Cachoeira do Bom Jesus, Florianópolis"
"
1400
",dia,0,"
280
","
3
","
2
","
2
",florianopolis,"Rua Francisco Gouveia, Jurerê"
"
1600
",mês, 119,"
117
","
3
","
2
","
1
",florianopolis,"Carianos, Florianópolis"
"
2000
",dia,0,"
300
","
4
","
2
","
1
",florianopolis,"Rua dos Cumurupis, Jurerê Internacional"
"
1500
",dia,0,"
410
","
5
","
3
","
2
",florianopolis,"Rua dos Arenques, Jurerê Internacional"
"
2500
",mês,0,"
130
","
3
","
2
","
3
",florianopolis,"Rua Vereador Frederico Veras, Pantanal"
"
2750
",mês,0,"
130
","
2
","
3
","
1
",florianopolis,"Rua Fidélis Govoni, Campeche"
"
1500
",dia,0,"
300
","
3
","
1
","
2
",florianopolis,"Rua dos Robaletes, Jurerê Internacional"
"
1500
",dia,0,"
380
","
4
","
2
","
2
",florianopolis,"Rua dos Amborés, Jurerê Internacional"
"
4500
",mês, 466,"
600
","
4
","
8
","
8
",florianopolis,"Rua Celso Bayma, Jardim Atlântico"
"
1000
",dia,0,"
280
","
3
","
1
","
3
",florianopolis,"Rua dos Cáctus, Daniela"
"
1800
",dia,0,"
280
","
5
","
2
","
2
",florianopolis,"Avenida dos Dourados, Jurerê Internacional"
"
1100
",dia,0,"
380
","
4
","
1
","
2
",florianopolis,"Rua das Tainhotas, Jurerê"
"
2800
",dia,0,"
360
","
4
","
2
","
1
",florianopolis,"Rua das Tainhas, Jurerê Internacional"
"
700
",dia,0,"
280
","
3
","
3
","
2
",florianopolis,"Rua das Baleias Franca, Jurerê"
"
1950
",dia,0,"
300
","
4
","
1
","
2
",florianopolis,"Rua dos Botos, Jurerê Internacional"
"
1100
",dia,0,"
300
","
5
","
3
","
2
",florianopolis,"Rua das Moreias, Jurerê"
"
1200
",dia,0,"
350
","
3
","
1
","
2
",florianopolis,"Rua dos Corais, Jurerê Internacional"
"
2500
",dia,0,"
350
","
4
","
5
","
3
",florianopolis,"Avenida dos Búzios, Jurerê Internacional"
"
1400
",mês, 45,"
140
","
2
","
2
","
2
",florianopolis,"Rua da Pedra, Tapera"
"
1200
",dia,0,"
380
","
4
","
3
","
2
",florianopolis,"Rua das Tibiras, Jurerê Internacional"
"
2500
",dia,0,"
420
","
5
","
2
","
2
",florianopolis,"Rua dos Badejos, Jurerê Internacional"
"
2500
",dia,0,"
300
","
4
","
4
","
2
",florianopolis,"Rua dos Meros, Jurerê Internacional"
"
1100
",dia,0,"
300
","
4
","
5
","
2
",florianopolis,"Rua dos Botos, Jurerê Internacional"
"
2500
",dia,0,"
300
","
4
","
4
","
2
",florianopolis,"Rua dos Meros, Jurerê Internacional"
"
1500
",dia,0,"
370
","
4
","
1
","
2
",florianopolis,"Rua dos Botos, Jurerê Internacional"
"
3000
",mês,0,"
80
","
2
","
2
","
1
",florianopolis,"Servidão José Paulo Pires, Armação do Pântano do Sul"
"
1900
",mês, 59,"
170
","
2
","
2
","
2
",florianopolis,"Servidão Dejalma Manoel Jorge, Santinho"
"
2800
",dia,0,"
400
","
5
","
1
","
5
",florianopolis,"Rua dos Camuris, Jurerê Internacional"
"
4000
",dia,0,"
500
","
7
","
2
","
4
",florianopolis,"Rua dos Amborés, Jurerê Internacional"
"
4000
",dia,0,"
520
","
7
","
1
","
4
",florianopolis,"Rua das Piracemas, Jurerê Internacional"
"
2400
",mês,0,"
150
","
3
","
2
","
2
",florianopolis,"Centro, Florianópolis"
"
1100
",dia,0,"
280
","
3
","
2
","
4
",florianopolis,"Rua Fernandes Francisco Coutinho, Canasvieiras"
"
1500
",dia,0,"
295
","
4
","
5
","
2
",florianopolis,"Rua dos Aruanãs, Jurerê Internacional"
"
700
",dia,0,"
320
","
3
","
1
","
2
",florianopolis,"Travessa dos Linguados, Jurerê Internacional"
"
1800
",dia,0,"
320
","
4
","
2
","
2
",florianopolis,"Rua das Piraúnas, Jurerê Internacional"
"
580
",dia,0,"
90
","
2
","
2
","
1
",florianopolis,"Rua Leonel Pereira, Cachoeira do Bom Jesus"
"
2650
",mês, 45,"
140
","
3
","
2
","
1
",florianopolis,"Ingleses do Rio Vermelho, Florianópolis"
"
2200
",dia,0,"
300
","
4
","
1
","
2
",florianopolis,"Rua dos Arenques, Jurerê Internacional"
"
2400
",dia,0,"
500
","
5
","
3
","
6
",florianopolis,"Rua Recanto das Papoulas, Daniela"
"
1600
",dia,0,"
300
","
5
","
4
","
4
",florianopolis,"Rua Amarilis, Ingleses do Rio Vermelho"
"
3300
",mês, 245,"
410
","
3
","
4
","
3
",florianopolis,"Rua Luiz D'Acampora, Jardim Atlântico"
"
2000
",mês,0,"
90
","
2
","
2
","
2
",florianopolis,"Servidão Caminho das Orquídeas, São João do Rio Vermelho"
"
1900
",dia,0,"
380
","
4
","
1
","
2
",florianopolis,"Rua das Guaracemas, Jurerê Internacional"
"
3490
",dia,0,"
520
","
6
","
3
","
4
",florianopolis,"Rua dos Cambuatas, Jurerê"
"
2310
",dia,0,"
300
","
4
","
5
","
2
",florianopolis,"Rua dos Cumurupis, Jurerê Internacional"
"
6500
",dia,0,"
700
","
7
","
9
","
5
",florianopolis,"Rua dos Camuris, Jurerê Internacional"
"
2500
",dia,0,"
380
","
5
","
1
","
2
",florianopolis,"Rua das Garoupas, Jurerê Internacional"
"
3500
",mês, 54,"
116
","
3
","
2
","
2
",florianopolis,"Rua da Cássia Aleluia, Cachoeira do Bom Jesus"
"
1500
",dia,0,"
300
","
4
","
3
","
2
",florianopolis,"Rua dos Corais, Jurerê Internacional"
"
1400
",mês, 50,"
83
","
2
","
2
","
2
",florianopolis,"Travessa Nagibo Ambrosio Marques, Ingleses do Rio Vermelho"
"
2600
",dia,0,"
450
","
7
","
7
","
4
",florianopolis,"Jurerê Internacional, Florianópolis"
"
4500
",dia,0,"
700
","
5
","
3
","
6
",florianopolis,"Rua dos Camuris, Jurerê Internacional"
"
2800
",mês, 501,"
160
","
3
","
2
","
1
",florianopolis,"Rua Coronel Lopes Vieira, Centro"
"
1800
",dia,0,"
420
","
4
","
1
","
2
",florianopolis,"Rua dos Meros, Jurerê Internacional"
"
1800
",dia,0,"
400
","
4
","
1
","
2
",florianopolis,"Rua das Sapopemas, Jurerê"
"
2599
",dia,0,"
300
","
5
","
6
","
3
",florianopolis,"Avenida dos Búzios, Jurerê Internacional"
"
3100
",mês, 124,"
110
","
2
","
2
","
1
",florianopolis,"Rua Acadêmico Reinaldo Consoni, Córrego Grande"
"
8000
",dia,0,"
700
","
6
","
7
","
4
",florianopolis,"Avenida dos Pampos, Jurerê Internacional"
"
1800
",dia,0,"
330
","
5
","
5
","
1
",florianopolis,"Jurerê Internacional, Florianópolis"
"
3500
",dia,0,"
638
","
5
","
1
","
6
",florianopolis,"Avenida dos Búzios, Jurerê Internacional"
"
1000
",dia,0,"
380
","
3
","
2
","
2
",florianopolis,"Avenida dos Salmões, Jurerê Internacional"
"
650
",dia,0,"
110
","
3
","
3
","
1
",florianopolis,"Ponta das Canas, Florianópolis"
"
1500
",mês, 10,"
64
","
2
","
2
","
1
",florianopolis,"Ingleses do Rio Vermelho, Florianópolis"
"
3000
",dia,0,"
300
","
5
","
1
","
3
",florianopolis,"Travessa dos Paratis, Jurerê Internacional"
"
2500
",dia,0,"
420
","
4
","
1
","
2
",florianopolis,"Avenida dos Búzios, Jurerê Internacional"
"
3440
",mês, 109,"
200
","
4
","
4
","
2
",florianopolis,"Balneário, Florianópolis"
"
2000
",dia,0,"
420
","
5
","
1
","
2
",florianopolis,"Rua Professor Manoel do Lago Almeida, Jurerê"
"
4000
",dia,0,"
420
","
6
","
1
","
3
",florianopolis,"Rua dos Cumurupis, Jurerê Internacional"
"
1500
",dia,0,"
400
","
6
","
1
","
4
",florianopolis,"Rua da Baliza, Cachoeira do Bom Jesus"
"
460
",dia,0,"
60
","
2
","
2
","
2
",florianopolis,"Servidão Manoel Eugênio Jorge, Ingleses do Rio Vermelho"
"
1450
",mês, 70,"
100
","
2
","
1
","
1
",florianopolis,"Vargem Pequena, Florianópolis"
"
1999
",dia,0,"
320
","
5
","
5
","
2
",florianopolis,"Rua das Garoupas, Jurerê Internacional"
"
2500
",dia,0,"
580
","
7
","
4
","
1
",florianopolis,"Avenida dos Salmões, Jurerê Internacional"
"
750
",dia,0,"
150
","
2
","
2
","
2
",florianopolis,"Jurerê Internacional, Florianópolis"
"
1800
",dia,0,"
425
","
4
","
6
","
4
",florianopolis,"Rua dos Marimbaus, Jurerê Internacional"
"
2500
",dia,0,"
470
","
4
","
5
","
2
",florianopolis,"Avenida dos Búzios, Jurerê Internacional"
"
3200
",mês, 10,"
120
","
2
","
3
","
2
",florianopolis,"Servidão Emília Custódia Vieira, Rio Tavares"
"
1800
",mês, 43,"
67
","
2
","
2
","
1
",florianopolis,"Rua Desembargador Gil Costa, Estreito"
"
800
",dia,0,"
400
","
6
","
7
","
4
",florianopolis,"Rua das Piraúnas, Jurerê Internacional"
"
1000
",dia,0,"
230
","
4
","
1
","
3
",florianopolis,"Rua dos Gerânios, Daniela"
"
2900
",mês, 67,"
140
","
3
","
2
","
1
",florianopolis,"Santa Mônica, Florianópolis"
"
4500
",dia,0,"
250
","
5
","
5
","
4
",florianopolis,"Jurerê Internacional, Florianópolis"
"
2800
",dia,0,"
400
","
4
","
4
","
2
",florianopolis,"Rua dos Meros, Jurerê Internacional"
"
600
",dia,0,"
95
","
2
","
2
","
2
",florianopolis,"Servidão Rosalina Amélia dos Santos, São João do Rio Vermelho"
"
3000
",dia,0,"
150
","
3
","
4
","
2
",florianopolis,"Ponta das Canas, Florianópolis"
"
1700
",mês, 75,"
192
","
3
","
3
","
2
",florianopolis,"Rua do Sol Nascente, Tapera"
"
1200
",dia,0,"
280
","
3
","
1
","
1
",florianopolis,"Travessa das Pescadas, Jurerê Internacional"
"
1400
",dia,0,"
180
","
3
","
2
","
2
",florianopolis,"Rua João Pacheco da Costa, Lagoa da Conceição"
"
1000
",dia,0,"
280
","
3
","
1
","
1
",florianopolis,"Rua das Guarajubas, Jurerê Internacional"
"
1100
",dia,0,"
500
","
4
","
5
","
3
",florianopolis,"Rua dos Lambari-Guaçu, Jurerê Internacional"
"
2750
",mês,0,"
100
","
4
","
2
","
3
",florianopolis,"Rua da Concórdia, Balneário"
"
2230
",mês, 55,"
100
","
2
","
2
","
1
",florianopolis,"Ingleses do Rio Vermelho, Florianópolis"
"
1100
",mês,0,"
50
","
2
","
1
","
1
",florianopolis,"Servidão Olaria do Sul, Pântano do Sul"
"
1950
",dia,0,"
350
","
4
","
1
","
1
",florianopolis,"Rua das Guaracemas, Jurerê Internacional"
"
1800
",dia,0,"
470
","
4
","
2
","
2
",florianopolis,"Rua das Piracemas, Jurerê Internacional"
"
1950
",dia,0,"
350
","
4
","
1
","
1
",florianopolis,"Rua das Guaracemas, Jurerê Internacional"
"
1800
",dia,0,"
470
","
4
","
2
","
2
",florianopolis,"Rua das Piracemas, Jurerê Internacional"
"
1020
",mês, 38,"
86
","
2
","
1
","
1
",florianopolis,"Saco dos Limões, Florianópolis"
"
1000
",dia,0,"
208
","
3
","
1
","
2
",florianopolis,"Rua dos Cambuatas, Jurerê"
"
1700
",mês,0,"
80
","
2
","
1
","
1
",florianopolis,"Servidão João Gonçalves Pereira, Rio Tavares"
"
1600
",mês, 25,"
84
","
2
","
2
","
1
",florianopolis,"Rua José Luiz Vieira, Jardim Atlântico"
"
800
",dia,0,"
350
","
4
","
1
","
1
",florianopolis,"Rua dos Chernes, Jurerê"
"
1000
",dia,0,"
280
","
3
","
1
","
1
",florianopolis,"Rua das Guarajubas, Jurerê Internacional"
"
2000
",dia,0,"
330
","
4
","
1
","
2
",florianopolis,"Rua das Tibiras, Jurerê Internacional"
"
2450
",mês, 320,"
76
","
2
","
2
","
1
",florianopolis,"Santo Antônio de Lisboa, Florianópolis"
"
4500
",mês, 145,"
172
","
3
","
3
","
2
",florianopolis,"Barra da Lagoa, Florianópolis"
"
1400
",dia,0,"
150
","
4
","
2
","
3
",florianopolis,"Canasvieiras, Florianópolis"
"
1800
",mês, 83,"
101
","
2
","
2
","
1
",florianopolis,"Rua Clemente Rovere, Centro"
"
900
",dia,0,"
260
","
3
","
1
","
2
",florianopolis,"Avenida Jacarandá, Daniela"
"
1800
",dia,0,"
280
","
3
","
1
","
1
",florianopolis,"Rua dos Amborés, Jurerê Internacional"
"
1000
",dia,0,"
420
","
4
","
2
",0,florianopolis,"Avenida dos Búzios, Jurerê Internacional"
"
4000
",dia, 3000,"
436
","
4
","
1
","
6
",florianopolis,"Rua dos Robaletes, Jurerê Internacional"
"
500
",dia,0,"
110
","
3
","
4
","
2
",florianopolis,"Rua João de Barro, Canasvieiras"
"
3280
",mês,0,"
150
","
2
","
3
","
1
",florianopolis,"Trindade, Florianópolis"
"
2500
",dia,0,"
400
","
5
","
6
","
2
",florianopolis,"Rua das Garoupas, Jurerê Internacional"
"
4800
",dia,0,"
1100
","
5
","
1
","
2
",florianopolis,"Avenida dos Búzios, Jurerê Internacional"
"
380
",dia,0,"
40
","
2
","
1
",0,florianopolis,"Ponta das Canas, Florianópolis"
"
1650
",mês,0,"
60
","
2
","
2
","
2
",florianopolis,"Ingleses do Rio Vermelho, Florianópolis"
"
500
",dia,0,"
90
","
3
","
2
","
1
",florianopolis,"Servidão Manoel Salomé Jacques, Cachoeira do Bom Jesus"
"
3500
",dia,0,"
430
","
4
","
1
","
6
",florianopolis,"Rua das Garoupas, Jurerê Internacional"
"
1800
",dia,0,"
347
","
4
","
5
","
2
",florianopolis,"Rua das Tabaronas, Jurerê Internacional"
"
3500
",mês, 70,"
120
","
2
","
2
",0,florianopolis,"Campeche, Florianópolis"
"
2500
",dia,0,"
454
","
5
","
1
","
4
",florianopolis,"Rua dos Aruanãs, Jurerê Internacional"
"
7500
",mês, 110,"
309
","
4
","
4
","
2
",florianopolis,"Rua Professor Clóvis Menel Calliari, Joao Paulo"
"
700
",dia,0,"
177
","
3
","
3
","
2
",florianopolis,"Rua Dário Manoel Cardoso, Ingleses do Rio Vermelho"
"
2700
",mês, 130,"
150
","
3
","
2
","
1
",florianopolis,"Cachoeira do Bom Jesus, Florianópolis"
"
3500
",dia,0,"
520
","
8
","
1
","
2
",florianopolis,"Rua dos Lambari-Guaçu, Jurerê Internacional"
"
1280
",dia,0,"
320
","
4
","
2
","
2
",florianopolis,"Cachoeira do Bom Jesus, Florianópolis"
"
2500
",dia,0,"
200
","
5
","
4
","
2
",florianopolis,"Jurerê Internacional, Florianópolis"
"
650
",dia,0,"
150
","
3
","
2
","
3
",florianopolis,"São João do Rio Vermelho, Florianópolis"
"
1300
",mês,0,"
90
","
3
","
1
","
1
",florianopolis,"Estrada Rozália Paulina Ferreira, Pântano do Sul"
"
3400
",dia,0,"
430
","
5
","
1
","
3
",florianopolis,"Rua dos Bijupirás, Jurerê Internacional"
"
2500
",dia,0,"
450
","
6
","
2
","
4
",florianopolis,"Avenida dos Merlins, Jurerê Internacional"
"
2300
",dia,0,"
390
","
6
","
7
","
2
",florianopolis,"Jurerê, Florianópolis"
"
3500
",dia, 822,"
498
","
4
","
6
","
2
",florianopolis,"Rodovia Jornalista Maurício Sirotsky Sobrinho, Jurerê"
"
3000
",dia,0,"
300
","
4
","
3
","
3
",florianopolis,"Rua dos Pintados, Jurerê Internacional"
"
2000
",dia,0,"
145
","
4
","
1
","
2
",florianopolis,"Rua dos Bijupirás, Jurerê Internacional"
"
580
",dia,0,"
200
","
3
","
2
","
2
",florianopolis,"Estrada Dom João Becker, Ingleses do Rio Vermelho"
"
900
",dia,0,"
300
","
4
","
3
","
2
",florianopolis,"Rua dos Corais, Jurerê Internacional"
"
750
",dia,0,"
150
","
3
","
2
","
2
",florianopolis,"Estrada Dom João Becker, Ingleses do Rio Vermelho"
"
380
",dia,0,"
40
","
2
","
1
",0,florianopolis,"Ponta das Canas, Florianópolis"
"
1400
",dia,0,"
200
","
5
","
7
","
2
",florianopolis,"Jurerê Internacional, Florianópolis"
"
1000
",dia,0,"
420
","
4
","
1
",0,florianopolis,"Avenida das Lagostas, Jurerê Internacional"
"
350
",dia,0,"
75
","
2
","
2
","
1
",florianopolis,"Ponta das Canas, Florianópolis"
"
2800
",dia, 1400,"
250
","
4
","
3
","
2
",florianopolis,"Jurerê Internacional, Florianópolis"
"
1500
",dia,0,"
200
","
3
","
2
","
3
",florianopolis,"Rua Pedro Alexandrino, Cachoeira do Bom Jesus"
"
2667
",mês, 73,"
140
","
3
","
2
","
4
",florianopolis,"Rua Intendente João Nunes Vieira, Ingleses do Rio Vermelho"
"
1400
",dia,0,"
165
","
3
","
1
","
2
",florianopolis,"Rua dos Badejos, Jurerê Internacional"
"
3000
",dia,0,"
150
","
4
","
2
","
2
",florianopolis,"Ponta das Canas, Florianópolis"
"
950
",dia,0,"
280
","
3
","
1
",0,florianopolis,"Avenida das Palmeiras, Daniela"
"
1524
",mês, 35,"
140
","
3
","
2
","
1
",florianopolis,"Ingleses do Rio Vermelho, Florianópolis"
"
650
",dia,0,"
220
","
4
","
4
","
3
",florianopolis,"Estrada Dom João Becker, Ingleses do Rio Vermelho"
"
3800
",mês, 130,"
180
","
3
","
4
","
1
",florianopolis,"Rua Castro Alves, Balneário"
"
2300
",mês,0,"
95
","
2
","
2
","
2
",florianopolis,"Campeche, Florianópolis"
"
2200
",mês, 176,"
120
","
3
","
2
","
3
",florianopolis,"Servidão Marciano Pedro Severino, Santinho"
"
1600
",mês, 80,"
100
","
2
","
2
","
1
",florianopolis,"Servidão Aristides Euzébio Coelho, São João do Rio Vermelho"
"
2200
",mês,0,"
78
","
2
","
2
","
2
",florianopolis,"Rua Huberto Rohden, Campeche"
"
1500
",mês, 244,"
72
","
2
","
2
","
1
",florianopolis,"Rua João Luiz da Silva Brito, Canasvieiras"
"
700
",dia,0,"
80
","
3
","
2
","
2
",florianopolis,"Servidão Anhatomirim, Ponta das Canas"
"
4500
",mês,0,"
250
","
3
","
4
","
2
",florianopolis,"Sambaqui, Florianópolis"
"
2500
",dia,0,"
450
","
6
","
1
","
3
",florianopolis,"Rua dos Cangoas, Jurerê Internacional"
"
1500
",dia,0,"
300
","
4
","
1
",0,florianopolis,"Rua dos Corais, Jurerê Internacional"
"
6500
",dia,0,"
350
","
4
","
6
","
6
",florianopolis,"Rua dos Arenques, Jurerê Internacional"
"
3500
",dia,0,"
539
","
4
","
1
","
3
",florianopolis,"Avenida das Lagostas, Jurerê Internacional"
"
3500
",dia,0,"
400
","
5
","
6
","
2
",florianopolis,"Rua dos Meros, Jurerê Internacional"
"
2500
",dia,0,"
400
","
6
","
4
","
4
",florianopolis,"Estrada Dom João Becker, Ingleses do Rio Vermelho"
"
5000
",dia,0,"
300
","
6
","
5
","
2
",florianopolis,"Avenida dos Merlins, Jurerê Internacional"
"
2500
",dia,0,"
400
","
6
","
4
","
4
",florianopolis,"Estrada Dom João Becker, Ingleses do Rio Vermelho"
"
5000
",dia,0,"
300
","
6
","
5
","
2
",florianopolis,"Avenida dos Merlins, Jurerê Internacional"
"
490
",dia,0,"
64
","
3
","
1
","
1
",florianopolis,"Cachoeira do Bom Jesus, Florianópolis"
"
820
",dia,0,"
200
","
3
","
3
","
2
",florianopolis,"Estrada Dom João Becker, Ingleses do Rio Vermelho"
"
610
",dia,0,"
150
","
2
","
2
","
1
",florianopolis,"Avenida Luiz Boiteux Piazza, Cachoeira do Bom Jesus"
"
2300
",mês,0,"
95
","
2
","
2
","
2
",florianopolis,"Campeche, Florianópolis"
"
3000
",mês, 317,"
320
","
5
","
3
",0,florianopolis,"Rua Professora Antonieta de Barros, Estreito"
"
1000
",dia,0,"
220
","
3
","
2
","
3
",florianopolis,"Canasvieiras, Florianópolis"
"
2990
",mês,0,"
110
","
3
","
2
","
4
",florianopolis,"Servidão Nelson Conrado da Silva, Campeche"
"
1300
",mês, 60,"
90
","
2
","
1
",0,florianopolis,"Servidão José de Oliveira, Barra da Lagoa"
"
1450
",mês,0,"
60
","
2
","
1
",0,florianopolis,"Rodovia Francisco Thomaz dos Santos, Armação do Pântano do Sul"
"
4500
",mês, 145,"
172
","
3
","
3
","
2
",florianopolis,"Barra da Lagoa, Florianópolis"
"
3500
",mês, 102,"
200
","
3
","
3
","
1
",florianopolis,"Rua Acadêmico Reinaldo Consoni, Santa Mônica"
"
1200
",dia,0,"
380
","
4
","
2
",0,florianopolis,"Avenida dos Bonitos, Jurerê Internacional"
"
1550
",mês, 55,"
100
","
3
","
2
","
1
",florianopolis,"Rua Marcelino Simas, Estreito"
"
3100
",mês, 124,"
110
","
2
","
2
","
1
",florianopolis,"Rua Acadêmico Reinaldo Consoni, Córrego Grande"
"
5500
",mês, 175,"
260
","
5
","
4
","
2
",florianopolis,"Rua Vereador Frederico Veras, Pantanal"
"
800
",dia,0,"
250
","
4
","
4
","
4
",florianopolis,"Rodovia Tertuliano Brito Xavier, Jurerê"
"
550
",dia,0,"
280
","
3
","
1
","
2
",florianopolis,"Rua dos Amborés, Jurerê Internacional"
"
1300
",dia,0,"
250
","
4
","
5
","
2
",florianopolis,"Rua Mário Moura, Cachoeira do Bom Jesus"
"
6000
",dia,0,"
185
","
5
","
1
","
4
",florianopolis,"Avenida dos Salmões, Jurerê Internacional"
"
1100
",dia,0,"
120
","
3
","
3
","
2
",florianopolis,"Rua das Tibiras, Jurerê Internacional"
"
7000
",dia,0,"
300
","
4
","
1
","
3
",florianopolis,"Avenida dos Búzios, Jurerê Internacional"
"
450
",dia,0,"
90
","
2
","
3
",0,florianopolis,"Rodovia Jornalista Manoel de Menezes, Praia Mole"
"
5600
",mês, 101,"
450
","
5
","
4
","
5
",florianopolis,"Servidão Luiz Zilli, José Mendes"
"
1500
",mês,0,"
79
","
2
","
1
","
2
",florianopolis,"Servidão Luiz Roque da Cunha, Ingleses do Rio Vermelho"
"
7500
",mês, 110,"
309
","
4
","
4
","
2
",florianopolis,"Rua Professor Clóvis Menel Calliari, Joao Paulo"
"
1800
",dia,0,"
285
","
4
","
1
","
3
",florianopolis,"Rua dos Surubins, Jurerê Internacional"
"
750
",dia,0,"
110
","
3
","
2
","
2
",florianopolis,"Estrada Dom João Becker, Ingleses Norte"
"
2500
",dia,0,"
480
","
10
","
9
","
4
",florianopolis,"Avenida das Lagostas, Jurerê Internacional"
"
1000
",dia,0,"
150
","
4
","
3
","
2
",florianopolis,"Cachoeira do Bom Jesus, Florianópolis"
"
1700
",dia,0,"
245
","
4
","
1
","
4
",florianopolis,"Rua dos Amborés, Jurerê Internacional"
"
2000
",dia,0,"
400
","
6
","
7
","
2
",florianopolis,"Avenida dos Búzios, Jurerê Internacional"
"
650
",dia,0,"
180
","
3
","
2
","
3
",florianopolis,"Estrada Dom João Becker, Ingleses do Rio Vermelho"
"
1700
",mês, 76,"
192
","
3
","
3
","
2
",florianopolis,"Rua do Sol Nascente, Tapera"
"
1500
",mês,0,"
60
","
1
","
1
","
1
",florianopolis,"Lagoa da Conceição, Florianópolis"
"
610
",dia,0,"
150
","
2
","
1
","
2
",florianopolis,"Rua Doutor Antônio Prudente de Moraes, Canasvieiras"
"
2200
",mês, 106,"
86
","
2
","
2
","
1
",florianopolis,"Servidão Francisco Monn, Centro"
"
1000
",dia,0,"
200
","
4
","
5
","
1
",florianopolis,"Estrada Dom João Becker, Ingleses do Rio Vermelho"
"
2800
",mês,0,"
58
","
1
","
1
","
1
",florianopolis,"Rio Tavares, Florianópolis"
"
2600
",mês,0,"
90
","
2
","
1
","
2
",florianopolis,"Rua João Pacheco da Costa, Lagoa da Conceição"
"
1300
",mês, 75,"
70
","
1
","
1
","
1
",florianopolis,"Sambaqui, Florianópolis"
"
3450
",mês, 47,"
96
","
4
","
3
","
4
",florianopolis,"Servidão Corintians, Pantanal"
"
2600
",mês, 190,"
130
","
3
","
1
","
3
",florianopolis,"Servidão Maria do Nascimento Costa, Vargem do Bom Jesus"
"
450
",dia,0,"
200
","
4
","
2
","
3
",florianopolis,"Estrada Dom João Becker, Ingleses do Rio Vermelho"
"
3500
",mês, 76,"
248
","
3
","
2
","
1
",florianopolis,"Rua Antônio Mattos Areas, Balneário"
"
2300
",mês, 8,"
360
","
3
","
2
","
2
",florianopolis,"Rua Celso Martins da Silveira, Carianos"
"
1700
",mês, 43,"
60
","
2
","
1
","
1
",florianopolis,"Campeche, Florianópolis"
"
1000
",dia,0,"
120
","
3
","
2
","
2
",florianopolis,"Estrada Dom João Becker, Ingleses do Rio Vermelho"
"
1700
",dia,0,"
280
","
5
","
3
","
2
",florianopolis,"Rua dos Tandujus, Jurerê Internacional"
"
1600
",mês, 35,"
50
","
2
","
1
","
2
",florianopolis,"Rua Prefeito Tolentino de Carvalho, Balneário"
"
600
",mês,0,"
65
","
2
","
1
",0,florianopolis,"Centro, Florianópolis"
"
3000
",mês,0,"
95
","
2
","
3
","
2
",florianopolis,"Campeche, Florianópolis"
"
4000
",mês, 299,"
265
","
4
","
5
","
2
",florianopolis,"Rua São Cristóvão, Coqueiros"
"
1800
",mês, 30,"
80
","
2
","
2
","
1
",florianopolis,"Rua Tereza Lopes, Campeche"
"
930
",dia,0,"
200
","
4
","
3
","
3
",florianopolis,"Estrada Dom João Becker, Ingleses do Rio Vermelho"
"
2900
",mês, 10,"
133
","
2
","
2
","
2
",florianopolis,"Rua Valdemiro José Vieira, Campeche"
"
1050
",mês, 24,"
60
","
2
","
2
","
1
",florianopolis,"Servidão José Nunes de Souza, Estreito"
"
900
",dia,0,"
180
","
3
","
2
","
3
",florianopolis,"Estrada Dom João Becker, Ingleses do Rio Vermelho"
"
5000
",dia,0,"
450
","
3
","
3
","
3
",florianopolis,"Jurerê, Florianópolis"
"
1700
",mês, 76,"
192
","
3
","
3
","
2
",florianopolis,"Rua do Sol Nascente, Tapera"
"
3200
",mês, 78,"
116
","
3
","
2
","
2
",florianopolis,"Servidão Maria Cordeiro de Souza, Lagoa da Conceição"
"
1450
",mês, 20,"
60
","
1
","
1
",0,florianopolis,"Rua Manoel Tibúrcio Duarte, São João do Rio Vermelho"
"
2800
",mês, 103,"
190
","
2
","
4
","
2
",florianopolis,"Rua das Dunas, Ingleses do Rio Vermelho"
"
480
",dia,0,"
100
","
2
","
4
","
2
",florianopolis,"Estrada Dom João Becker, Ingleses do Rio Vermelho"
"
550
",dia,0,"
190
","
5
","
4
","
1
",florianopolis,"Estrada Dom João Becker, Ingleses do Rio Vermelho"
"
1550
",mês, 120,"
72
","
2
","
1
",0,florianopolis,"Rodovia João Paulo, Joao Paulo"
"
1100
",dia,0,"
200
","
3
","
4
","
2
",florianopolis,"Estrada Dom João Becker, Ingleses do Rio Vermelho"
"
730
",dia,0,"
100
","
2
","
1
","
1
",florianopolis,"Travessa Sanderson Bitencourt, Jurerê"
"
1500
",mês,0,"
110
","
2
","
1
","
1
",florianopolis,"Rua General Nestor Passos, Centro"
"
2000
",dia,0,"
382
","
4
","
1
","
1
",florianopolis,"Rua dos Amborés, Jurerê Internacional"
"
1000
",dia,0,"
200
","
4
","
3
","
2
",florianopolis,"Jurerê, Florianópolis"
"
1200
",mês, 46,"
60
","
2
","
1
","
1
",florianopolis,"Rua Padre Luiz Zuber, Capoeiras"
"
3800
",mês, 104,"
183
","
5
","
2
","
1
",florianopolis,"Rua Castro Alves, Balneário"
"
1200
",mês,0,"
60
","
2
","
1
","
1
",florianopolis,"Rodovia Armando Calil Bulos, Ingleses do Rio Vermelho"
"
550
",dia,0,"
90
","
2
","
2
","
2
",florianopolis,"Estrada Dom João Becker, Ingleses do Rio Vermelho"
"
660
",dia,0,"
120
","
3
","
2
","
3
",florianopolis,"Rua Jorge Mussi, Canasvieiras"
"
720
",dia,0,"
100
","
2
","
1
","
1
",florianopolis,"Rua Doutor João de Oliveira, Canasvieiras"
"
3500
",mês, 54,"
116
","
3
","
2
","
2
",florianopolis,"Rua da Cássia Aleluia, Cachoeira do Bom Jesus"
"
2900
",mês, 51,"
145
","
3
","
2
","
2
",florianopolis,"Servidão Manoel Isidoro Augusto, Rio Tavares"
"
2300
",mês, 36,"
70
","
2
","
1
","
1
",florianopolis,"Servidão Dona Vitorina Lopes, Campeche"
"
1000
",dia,0,"
200
","
6
","
5
","
4
",florianopolis,"Estrada Dom João Becker, Ingleses do Rio Vermelho"
"
1600
",mês, 35,"
50
","
2
","
1
","
2
",florianopolis,"Rua Prefeito Tolentino de Carvalho, Balneário"
"
2900
",mês, 51,"
145
","
3
","
2
","
2
",florianopolis,"Servidão Manoel Isidoro Augusto, Rio Tavares"
"
3450
",mês, 47,"
96
","
4
","
3
","
4
",florianopolis,"Servidão Corintians, Pantanal"
"
1900
",mês, 65,"
52
","
2
","
1
","
1
",florianopolis,"Campeche, Florianópolis"
"
1800
",mês, 30,"
80
","
2
","
2
","
1
",florianopolis,"Rua Tereza Lopes, Campeche"
"
3100
",mês, 124,"
110
","
2
","
2
","
1
",florianopolis,"Rua Acadêmico Reinaldo Consoni, Córrego Grande"
"
3500
",mês,0,"
130
","
3
","
2
",0,florianopolis,"Campeche, Florianópolis"
"
1600
",mês, 30,"
80
","
2
","
1
","
1
",florianopolis,"São João do Rio Vermelho, Florianópolis"
"
2030
",mês, 58,"
100
","
2
","
1
","
3
",florianopolis,"Joao Paulo, Florianópolis"
"
4500
",mês, 100,"
200
","
4
","
2
","
2
",florianopolis,"Santa Mônica, Florianópolis"
"
1800
",mês, 40,"
120
","
2
","
2
","
5
",florianopolis,"Servidão Serafim Policiano de Menezes, São João do Rio Vermelho"
"
3500
",mês, 54,"
116
","
3
","
2
","
2
",florianopolis,"Rua da Cássia Aleluia, Cachoeira do Bom Jesus"
"
1200
",mês, 115,"
103
","
3
","
2
","
1
",florianopolis,"Rua Dário Manoel Cardoso, Ingleses do Rio Vermelho"
"
5830
",mês, 100,"
350
","
3
","
4
","
2
",florianopolis,"Servidão da Graça, Santinho"
"
4000
",mês, 73,"
270
","
3
","
3
","
1
",florianopolis,"Rua José de Alencar, Capoeiras"
"
3000
",mês, 66,"
180
","
4
","
2
","
2
",florianopolis,"Servidão Manoel João da Silva, Ingleses do Rio Vermelho"
"
1700
",dia,0,"
127
","
4
","
4
","
2
",florianopolis,"Rua Professor Manoel do Lago Almeida, Jurerê"
"
400
",dia,0,"
95
","
2
","
2
","
1
",florianopolis,"Rua Iolita Siqueira, Ponta das Canas"
"
2000
",dia,0,"
280
","
4
","
5
","
2
",florianopolis,"Rua das Sapopemas, Jurerê"
"
3000
",mês, 80,"
140
","
5
","
2
","
2
",florianopolis,"Servidão Joao Manoel da Silva, Ingleses do Rio Vermelho"
"
4600
",mês, 77,"
200
","
4
","
3
","
3
",florianopolis,"Rodovia Jornalista Manoel de Menezes, Barra da Lagoa"
"
1650
",dia,0,"
180
","
5
","
4
","
2
",florianopolis,"Rua Jardim Giselle, Cachoeira do Bom Jesus"
"
4600
",mês, 77,"
200
","
4
","
3
","
3
",florianopolis,"Rodovia Jornalista Manoel de Menezes, Barra da Lagoa"
"
1800
",mês, 40,"
120
","
2
","
2
","
5
",florianopolis,"Servidão Serafim Policiano de Menezes, São João do Rio Vermelho"
"
2990
",mês, 40,"
110
","
3
","
2
","
3
",florianopolis,"Servidão Nelson Conrado da Silva, Campeche"
"
8000
",dia,0,"
380
","
4
","
1
","
5
",florianopolis,"Rua dos Peixes-Serra, Jurerê Internacional"
"
1100
",mês,0,"
35
","
2
","
1
","
1
",florianopolis,"Servidão Olaria do Sul, Pântano do Sul"
"
350
",dia,0,"
190
","
3
","
3
","
2
",florianopolis,"Avenida Luiz Boiteux Piazza, Cachoeira do Bom Jesus"
"
2300
",mês, 180,"
73
","
2
","
2
","
1
",florianopolis,"Estrada Francisco Thomas dos Santos, Pântano do Sul"
"
1760
",dia,0,"
250
","
4
","
1
","
1
",florianopolis,"Avenida Jacarandá, Daniela"
"
6000
",dia,0,"
230
","
4
","
1
","
2
",florianopolis,"Rua dos Pargos, Jurerê Internacional"
"
2200
",mês,0,"
80
","
2
","
2
","
1
",florianopolis,"Campeche, Florianópolis"
"
850
",dia,0,"
150
","
3
","
3
","
2
",florianopolis,"Rua das Sereias, Canasvieiras"
"
750
",dia,0,"
150
","
5
","
4
","
2
",florianopolis,"Rua Berta Lutz, Cachoeira do Bom Jesus"
"
6800
",mês, 294,"
474
","
4
","
4
","
2
",florianopolis,"Rua Vereador Frederico Veras, Pantanal"
"
4500
",mês,0,"
154
","
3
","
4
","
3
",florianopolis,"Rua João Henrique Gonçalves, Lagoa da Conceição"
"
4350
",mês, 65,"
228
","
4
","
3
","
5
",florianopolis,"Campeche, Florianópolis"
"
890
",mês, 61,"
60
","
1
","
1
","
1
",florianopolis,"Rua José Luiz Vieira, Jardim Atlântico"
"
1000
",dia,0,"
90
","
4
","
2
","
2
",florianopolis,"Avenida Luiz Boiteux Piazza, Cachoeira do Bom Jesus"
"
1500
",dia,0,"
320
","
4
","
2
","
2
",florianopolis,"Rua dos Pargos, Jurerê Internacional"
"
1700
",mês, 23,"
76
","
2
","
1
","
1
",florianopolis,"Rua Sinfrônio de Souza, Pântano do Sul"
"
6000
",mês,0,"
249
","
4
","
5
","
2
",florianopolis,"Rua Begônia, Itacorubi"
"
1700
",mês,0,"
50
","
2
","
2
","
1
",florianopolis,"Rua Iguaçu, Saco dos Limões"
"
1700
",mês, 23,"
76
","
2
","
1
","
1
",florianopolis,"Rua Sinfrônio de Souza, Pântano do Sul"
"
4500
",mês,0,"
277
","
4
","
4
","
4
",florianopolis,"Rua Doutor João Carlos Barom Maurer, Santa Mônica"
"
1200
",dia,0,"
380
","
4
","
1
",0,florianopolis,"Rua dos Marimbaus, Jurerê Internacional"
"
1900
",mês,0,"
65
","
2
","
1
","
3
",florianopolis,"Servidão Maura de Abreu Nunes, São João do Rio Vermelho"
"
800
",dia,0,"
200
","
3
","
3
","
4
",florianopolis,"Estrada Dom João Becker, Ingleses do Rio Vermelho"
"
4500
",mês, 107,"
210
","
2
","
4
","
1
",florianopolis,"Rua Aldo Alves, Saco dos Limões"
"
2990
",mês,0,"
130
","
3
","
2
","
3
",florianopolis,"Campeche, Florianópolis"
"
1700
",mês, 7,"
69
","
2
","
1
","
1
",florianopolis,"Servidão Coral, Campeche"
"
1500
",mês,0,"
60
","
2
","
1
","
1
",florianopolis,"Servidão Manoel Inácio do Nascimento, Rio Tavares"
"
2500
",dia,0,"
350
","
4
","
6
","
2
",florianopolis,"Rua dos Meros, Jurerê Internacional"
"
1500
",mês,0,"
50
","
2
","
1
","
1
",florianopolis,"Coqueiros, Florianópolis"
"
2000
",mês,0,"
75
","
2
","
2
","
1
",florianopolis,"Campeche, Florianópolis"
"
430
",dia,0,"
56
","
2
","
2
","
1
",florianopolis,"Rua Iolita Siqueira, Ponta das Canas"
"
610
",dia,0,"
150
","
4
","
3
","
2
",florianopolis,"Rua João Luiz da Silva Brito, Canasvieiras"
"
1350
",mês, 380,"
62
","
2
","
1
",0,florianopolis,"Rodovia Baldicero Filomeno, Ribeirão da Ilha"
"
5000
",mês, 450,"
169
","
3
","
2
","
2
",florianopolis,"Campeche, Florianópolis"
"
4500
",mês, 107,"
210
","
2
","
4
","
1
",florianopolis,"Rua Aldo Alves, Saco dos Limões"
"
3500
",mês, 177,"
200
","
3
","
3
","
4
",florianopolis,"Rua Doutor Percy João de Borba, Trindade"
"
1200
",mês, 80,"
60
","
2
","
1
","
2
",florianopolis,"Barra da Lagoa, Florianópolis"
"
1200
",mês, 80,"
60
","
2
","
1
","
2
",florianopolis,"Barra da Lagoa, Florianópolis"
"
1000
",dia,0,"
200
","
5
","
5
","
2
",florianopolis,"Rua Tadeu Szpoganicz, Cachoeira do Bom Jesus"
"
750
",dia,0,"
120
","
2
","
2
","
1
",florianopolis,"Rua Madre Maria Vilac, Canasvieiras"
"
3100
",mês, 852,"
198
","
3
","
3
","
3
",florianopolis,"Rua Laurindo Januário da Silveira, Lagoa da Conceição"
"
1900
",mês, 25,"
90
","
2
","
2
","
1
",florianopolis,"Servidão Valdevino Marques da Natividade, Ingleses do Rio Vermelho"
"
1700
",mês, 43,"
65
","
2
","
1
","
1
",florianopolis,"Servidão Coral, Campeche"
"
1800
",dia,0,"
200
","
4
","
3
","
2
",florianopolis,"Jurerê Internacional, Florianópolis"
"
680
",dia,0,"
70
","
2
","
2
","
1
",florianopolis,"Rua Madre Maria Vilac, Canasvieiras"
"
4430
",mês, 500,"
650
","
6
","
8
","
5
",florianopolis,"Cacupé, Florianópolis"
"
2300
",mês, 59,"
95
","
2
","
2
","
2
",florianopolis,"Rua das Garças, Campeche"
"
500
",dia,0,"
70
","
2
","
2
",0,florianopolis,"Estrada Jornalista Jaime de Arruda Ramos, Ponta das Canas"
"
3600
",mês, 400,"
178
","
3
","
3
","
2
",florianopolis,"Rua Laurindo Januário da Silveira, Lagoa da Conceição"
"
900
",dia,0,"
123
","
3
","
1
","
1
",florianopolis,"Avenida dos Búzios, Jurerê Internacional"
"
1150
",dia,0,"
300
","
5
","
5
","
5
",florianopolis,"Servidão Anhatomirim, Ponta das Canas"
"
3000
",dia,0,"
135
","
4
","
3
","
2
",florianopolis,"Rua das Piraúnas, Jurerê Internacional"
"
460
",dia,0,"
110
","
2
","
2
","
1
",florianopolis,"Estrada Jornalista Jaime de Arruda Ramos, Ponta das Canas"
"
1700
",mês,0,"
55
","
1
","
1
","
4
",florianopolis,"São João do Rio Vermelho, Florianópolis"
"
1400
",mês, 34,"
63
","
2
","
1
",0,florianopolis,"Rua Henrique Boiteux, Estreito"
"
1200
",dia,0,"
360
","
4
","
4
","
3
",florianopolis,"Avenida dos Pinheirais, Daniela"
"
370
",dia,0,"
87
","
3
","
2
","
1
",florianopolis,"Estrada Jornalista Jaime de Arruda Ramos, Ponta das Canas"
"
2300
",mês, 50,"
84
","
2
","
2
",0,florianopolis,"Rua das Garças, Campeche"
"
4700
",mês, 155,"
200
","
2
","
3
",0,florianopolis,"Rua Liberato Carioni, Lagoa da Conceição"
"
2300
",mês, 59,"
95
","
2
","
1
","
2
",florianopolis,"Rua das Garças, Campeche"
"
2300
",mês, 59,"
95
","
2
","
1
","
2
",florianopolis,"Rua das Garças, Campeche"
"
1800
",mês, 113,"
90
","
2
","
2
",0,florianopolis,"Rua Lauro Linhares, Trindade"
"
12600
",dia,0,"
288
","
4
","
7
","
2
",florianopolis,"Jurerê Internacional, Florianópolis"
"
380
",dia,0,"
76
","
2
","
2
","
1
",florianopolis,"Avenida Tom Traugott Wildi, Praia Brava"
"
6000
",mês, 200,"
350
","
3
","
4
","
3
",florianopolis,"Rua Osvaldo Calixto de Lima, Joao Paulo"
"
550
",dia,0,"
100
","
3
","
2
","
2
",florianopolis,"Servidão Farroupilha, Cachoeira do Bom Jesus"
"
1200
",dia,0,"
250
","
3
","
3
","
2
",florianopolis,"Rua Clorinda Ventimiglia, Cachoeira do Bom Jesus"
"
3900
",mês, 137,"
145
","
3
","
2
","
2
",florianopolis,"Rua Santa Luzia, Trindade"
"
620
",dia,0,"
115
","
2
","
1
","
2
",florianopolis,"Rodovia Tertuliano Brito Xavier, Canasvieiras"
"
750
",dia, 250,"
194
","
4
","
3
","
3
",florianopolis,"Avenida Luiz Boiteux Piazza, Cachoeira do Bom Jesus"
"
3300
",mês, 100,"
112
","
2
","
3
",0,florianopolis,"Rua Professor Bento Águido Vieira, Trindade"
"
650
",dia,0,"
150
","
3
","
3
","
4
",florianopolis,"Rua Desembargador Rid Silva, Canasvieiras"
"
2650
",mês,0,"
80
","
1
","
2
",0,florianopolis,"Rua Padre Lourenço Rodrigues de Andrade, Santo Antônio de Lisboa"
"
3000
",mês, 66,"
180
","
4
","
2
","
2
",florianopolis,"Servidão Manoel João da Silva, Ingleses do Rio Vermelho"
"
720
",dia,0,"
110
","
3
","
3
","
2
",florianopolis,"Rua Cônego Walmor Castro, Ponta das Canas"
"
5200
",mês, 800,"
328
","
4
","
3
","
4
",florianopolis,"Rio Tavares, Florianópolis"
"
14500
",dia,0,"
420
","
4
","
2
","
2
",florianopolis,"Rua dos Tambaquis, Jurerê Internacional"
"
450
",dia,0,"
80
","
4
","
3
","
2
",florianopolis,"Rua Francisco Gouveia, Jurerê"
"
1700
",mês,0,"
70
","
2
","
2
",0,florianopolis,"Rua Iguaçu, Saco dos Limões"
"
1200
",mês, 45,"
50
","
1
","
1
",0,florianopolis,"Centro, Florianópolis"
"
5000
",mês, 109,"
300
","
4
","
6
","
8
",florianopolis,"Vargem Grande, Florianópolis"
"
430
",dia,0,"
110
","
3
","
2
","
1
",florianopolis,"Estrada Jornalista Jaime de Arruda Ramos, Ponta das Canas"
"
450
",dia,0,"
92
","
3
","
2
","
1
",florianopolis,"Estrada Jornalista Jaime de Arruda Ramos, Ponta das Canas"
"
1430
",mês, 70,"
60
","
2
","
1
","
1
",florianopolis,"Trindade, Florianópolis"
"
720
",dia,0,"
210
","
2
","
3
","
3
",florianopolis,"Canasvieiras, Florianópolis"
"
1900
",mês, 112,"
75
","
3
","
1
","
1
",florianopolis,"Rua Sílvio Possobon, Abraão"
"
1700
",mês,0,"
60
","
2
","
1
","
1
",florianopolis,"Servidão João Gonçalves Pereira, Rio Tavares"
"
1350
",dia,0,"
110
","
4
","
3
","
2
",florianopolis,"Rua Cônego Walmor Castro, Ponta das Canas"
"
2300
",mês, 36,"
70
","
2
","
1
","
1
",florianopolis,"Servidão Dona Vitorina Lopes, Campeche"
"
2300
",mês, 36,"
70
","
2
","
1
","
1
",florianopolis,"Servidão Dona Vitorina Lopes, Campeche"
"
2300
",mês, 36,"
70
","
2
","
1
","
1
",florianopolis,"Servidão Dona Vitorina Lopes, Campeche"
"
1300
",mês, 70,"
90
","
3
","
2
",0,florianopolis,"Rua Santos Saraiva, Estreito"
"
1800
",dia,0,"
380
","
4
","
1
",0,florianopolis,"Rua das Guaracemas, Jurerê Internacional"
"
480
",dia,0,"
80
","
3
","
2
",0,florianopolis,"Estrada Jornalista Jaime de Arruda Ramos, Ponta das Canas"
"
950
",dia,0,"
150
","
3
","
2
","
3
",florianopolis,"Rua das Sereias, Canasvieiras"
"
390
",dia,0,"
96
","
3
","
2
","
1
",florianopolis,"Estrada Jornalista Jaime de Arruda Ramos, Ponta das Canas"
"
1500
",mês,0,"
80
","
2
","
1
","
1
",florianopolis,"Cachoeira do Bom Jesus, Florianópolis"
"
3000
",mês,0,"
110
","
3
","
2
","
3
",florianopolis,"Servidão Nelson Conrado da Silva, Campeche"
"
950
",mês,0,"
50
","
1
","
1
","
1
",florianopolis,"Servidão Carminati, Saco dos Limões"
"
2300
",mês, 59,"
95
","
2
","
2
","
2
",florianopolis,"Rua das Garças, Campeche"
"
1100
",dia,0,"
250
","
4
","
4
","
3
",florianopolis,"Rua dos Canudos, Ingleses do Rio Vermelho"
"
4300
",mês, 73,"
120
","
4
","
2
","
5
",florianopolis,"Servidão Iriar, Campeche"
"
1450
",dia,0,"
170
","
4
","
4
","
4
",florianopolis,"Rua Doutor João de Oliveira, Canasvieiras"
"
900
",dia,0,"
240
","
4
","
1
","
1
",florianopolis,"Canasvieiras, Florianópolis"
"
1650
",mês, 55,"
60
","
2
","
1
","
1
",florianopolis,"Servidão Carminati, Saco dos Limões"
"
500
",dia,0,"
48
","
2
","
1
","
1
",florianopolis,"Estrada Jornalista Jaime de Arruda Ramos, Ponta das Canas"
"
570
",dia,0,"
120
","
2
","
1
","
1
",florianopolis,"Rua Antenor Borges, Canasvieiras"
"
5500
",dia,0,"
400
","
7
","
9
","
2
",florianopolis,"Avenida dos Búzios, Jurerê Internacional"
"
990
",dia,0,"
150
","
4
","
4
","
4
",florianopolis,"Rua Leonel Pereira, Cachoeira do Bom Jesus"
"
440
",dia,0,"
85
","
3
","
2
","
1
",florianopolis,"Rua Cônego Walmor Castro, Ponta das Canas"
"
2300
",dia,0,"
230
","
3
","
4
","
3
",florianopolis,"Rua dos Botos, Jurerê Internacional"
"
2800
",dia,0,"
360
","
5
","
5
","
2
",florianopolis,"Jurerê Internacional, Florianópolis"
"
3800
",mês, 52,"
252
","
5
","
4
","
6
",florianopolis,"Rua Manoel João Ferreira, Barra da Lagoa"
"
3800
",mês, 52,"
252
","
5
","
4
","
6
",florianopolis,"Rua Manoel João Ferreira, Barra da Lagoa"
"
1300
",dia,0,"
200
","
1
","
4
","
2
",florianopolis,"Rua das Piraúnas, Jurerê Internacional"
"
7500
",mês, 533,"
348
","
4
","
4
","
2
",florianopolis,"Avenida Rio Branco, Centro"
"
2900
",dia,0,"
458
","
2
","
4
","
4
",florianopolis,"Rodovia Gilson da Costa Xavier, Sambaqui"
"
2500
",dia,0,"
343
","
4
","
5
","
2
",florianopolis,"Rua das Guaracemas, Jurerê Internacional"
"
370
",dia,0,"
78
","
3
","
2
","
1
",florianopolis,"Estrada Jornalista Jaime de Arruda Ramos, Ponta das Canas"
"
3000
",mês,0,"
180
","
4
","
2
",0,florianopolis,"Rua Belizário Berto da Silveira, Saco dos Limões"
"
932
",mês,0,"
72
","
2
","
1
","
1
",florianopolis,"Saco Grande, Florianópolis"
"
450
",dia,0,"
130
","
3
","
2
",0,florianopolis,"Servidão Costa do Moçambique, São João do Rio Vermelho"
"
1200
",dia,0,"
150
","
3
","
3
","
2
",florianopolis,"Rua Murilo Antônio Bortoluzzi, Canasvieiras"
"
1450
",dia,0,"
170
","
4
","
3
","
4
",florianopolis,"Rua Desembargador Rid Silva, Canasvieiras"
"
990
",dia,0,"
160
","
3
","
3
","
2
",florianopolis,"Rua Doutor Antônio Prudente de Moraes, Canasvieiras"
"
940
",dia,0,"
200
","
4
","
4
","
2
",florianopolis,"Rua Joel Moura, Canasvieiras"
"
2900
",mês,0,"
133
","
2
","
1
","
1
",florianopolis,"Servidão Valdomiro José Vieira, Campeche"
"
4190
",mês, 120,"
350
","
5
","
5
","
3
",florianopolis,"Capoeiras, Florianópolis"
"
650
",dia,0,"
100
","
2
","
2
","
1
",florianopolis,"Canasvieiras, Florianópolis"
"
1990
",mês,0,"
110
","
3
","
2
","
1
",florianopolis,"Rua Olavo Bilac, Estreito"
"
2200
",dia,0,"
300
","
3
","
5
",0,florianopolis,"Lagoa da Conceição, Florianópolis"
"
2000
",dia,0,"
400
","
4
","
5
","
2
",florianopolis,"Rua dos Tandujus, Jurerê Internacional"
"
6000
",mês, 280,"
386
","
3
","
5
","
4
",florianopolis,"Coqueiros, Florianópolis"
"
860
",dia,0,"
140
","
3
","
3
","
2
",florianopolis,"Rua Iolita Siqueira, Ponta das Canas"
"
450
",dia,0,"
120
","
3
","
2
","
2
",florianopolis,"Cachoeira do Bom Jesus, Florianópolis"
"
2500
",dia,0,"
120
","
5
","
5
","
1
",florianopolis,"Estrada Dom João Becker, Ingleses do Rio Vermelho"
"
800
",dia,0,"
190
","
4
","
4
","
2
",florianopolis,"Rua José Rosa Cherem, Canasvieiras"
"
850
",dia,0,"
100
","
4
","
2
","
1
",florianopolis,"Avenida Luiz Boiteux Piazza, Cachoeira do Bom Jesus"
"
1900
",dia,0,"
130
","
4
","
9
",0,florianopolis,"Jurerê, Florianópolis"
"
6000
",mês,0,"
285
","
6
","
5
","
3
",florianopolis,"Travessa Ângela Chaves, Lagoa da Conceição"
"
660
",dia,0,"
120
","
3
","
1
","
2
",florianopolis,"Avenida das Paineiras, Daniela"
"
3500
",dia,0,"
300
","
5
","
6
","
2
",florianopolis,"Rua dos Meros, Jurerê Internacional"
"
850
",dia,0,"
150
","
3
","
2
","
2
",florianopolis,"Rua da Escova de Garrafa, Cachoeira do Bom Jesus"
"
1700
",mês, 160,"
60
","
2
","
1
","
1
",florianopolis,"Saco dos Limões, Florianópolis"
"
500
",dia,0,"
128
","
3
","
2
","
1
",florianopolis,"Estrada Jornalista Jaime de Arruda Ramos, Ponta das Canas"
"
1150
",dia, 1,"
175
","
5
","
4
",0,florianopolis,"Rua Maurílio Lopes da Silva, Praia Brava"
"
3400
",mês,0,"
129
","
3
","
1
","
1
",florianopolis,"Rua Orleans, Ingleses do Rio Vermelho"
"
2900
",mês, 75,"
194
","
4
","
2
",0,florianopolis,"Rua Professor Belarmino Corrêa, Trindade"
"
400
",dia,0,"
360
","
3
","
2
","
2
",florianopolis,"Ponta das Canas, Florianópolis"
"
990
",mês,0,"
45
","
1
","
1
","
1
",florianopolis,"Canto da Lagoa, Florianópolis"
"
5000
",mês,0,"
280
","
4
","
3
","
3
",florianopolis,"Morro das Pedras, Florianópolis"
"
2500
",dia, 2500,"
350
","
5
","
4
","
2
",florianopolis,"Avenida das Lagostas, Jurerê Internacional"
"
1900
",mês,0,"
65
","
2
","
1
","
3
",florianopolis,"Servidão Maura de Abreu Nunes, São João do Rio Vermelho"
"
1400
",mês,0,"
60
","
1
","
1
","
1
",florianopolis,"Rua Vereador Osni Ortiga, Lagoa da Conceição"
"
1210
",dia,0,"
120
","
3
","
2
","
1
",florianopolis,"Travessa Sanderson Bittencourt, Jurerê"
"
600
",dia,0,"
150
","
3
","
2
","
4
",florianopolis,"Rua José Rosa Cherem, Canasvieiras"
"
600
",dia,0,"
185
","
3
","
1
","
1
",florianopolis,"Rua Leonel Pereira, Cachoeira do Bom Jesus"
"
5000
",mês, 92,"
150
","
3
","
2
","
4
",florianopolis,"Rua Florisbelo Silva, Sambaqui"
"
1000
",dia,0,"
220
","
2
","
2
","
3
",florianopolis,"Canasvieiras, Florianópolis"
"
380
",dia,0,"
63
","
3
","
2
","
1
",florianopolis,"Estrada Jornalista Jaime de Arruda Ramos, Ponta das Canas"
"
500
",dia,0,"
85
","
2
","
2
","
1
",florianopolis,"Servidão Secundino Santos, Ponta das Canas"
"
1300
",dia, 1000,"
210
","
4
","
4
",0,florianopolis,"Rua Maurílio Lopes da Silva, Praia Brava"
"
2000
",mês, 160,"
88
","
2
","
2
",0,florianopolis,"Rua Lauro Linhares, Trindade"
"
1700
",mês,0,"
65
","
2
","
1
","
1
",florianopolis,"Servidão Santa Clara, Morro das Pedras"
"
6000
",dia,0,"
400
","
4
","
5
","
4
",florianopolis,"Rua dos Cações, Jurerê Internacional"
"
700
",dia,0,"
130
","
3
","
2
","
2
",florianopolis,"Estrada Jornalista Jaime de Arruda Ramos, Ponta das Canas"
"
840
",dia,0,"
150
","
3
","
2
","
2
",florianopolis,"Rua Doutor João de Oliveira, Canasvieiras"
"
1000
",dia, 225,"
200
","
3
","
2
","
3
",florianopolis,"Rua Vereador Osni Ortiga, Lagoa da Conceição"
"
4500
",mês, 100,"
224
","
4
","
3
","
2
",florianopolis,"Rua Cônego Thomaz Fontes, Santa Mônica"
"
900
",dia,0,"
200
","
4
","
3
","
3
",florianopolis,"Rua Três Marias, Ingleses do Rio Vermelho"
"
1607
",mês,0,"
120
","
3
","
1
","
1
",florianopolis,"São João do Rio Vermelho, Florianópolis"
"
1540
",dia,0,"
170
","
5
","
3
","
2
",florianopolis,"Rua Apóstolo Paschoal, Canasvieiras"
"
1400
",dia,0,"
430
","
4
","
1
","
4
",florianopolis,"Rua dos Meros, Jurerê Internacional"
"
940
",dia,0,"
170
","
3
","
2
","
2
",florianopolis,"Rua das Flores, Canasvieiras"
"
2300
",mês, 36,"
70
","
2
","
1
","
1
",florianopolis,"Servidão Dona Vitorina Lopes, Campeche"
"
2300
",mês, 36,"
70
","
2
","
1
","
1
",florianopolis,"Servidão Dona Vitorina Lopes, Campeche"
"
2300
",mês, 36,"
70
","
2
","
1
","
1
",florianopolis,"Servidão Dona Vitorina Lopes, Campeche"
"
900
",mês, 29,"
40
","
1
","
1
","
1
",florianopolis,"Estrada Cristóvão Machado de Campos, Vargem Grande"
"
1150
",dia, 1,"
230
","
5
","
3
","
3
",florianopolis,"Rua Maurílio Lopes da Silva, Praia Brava"
"
3800
",mês,0,"
160
","
3
","
3
","
2
",florianopolis,"Rua do Trapiche, Campeche"
"
4500
",mês, 500,"
230
","
3
","
2
","
3
",florianopolis,"Rua Manoel de Oliveira Ramos, Estreito"
"
4800
",mês, 1,"
225
","
4
","
4
","
3
",florianopolis,"Rua Raymundo Carlos Lopes, Campeche"
"
720
",dia,0,"
150
","
4
","
2
","
1
",florianopolis,"Rua José Rosa Cherem, Canasvieiras"
"
1800
",dia,0,"
220
","
4
","
2
",0,florianopolis,"Avenida dos Dourados, Jurerê Internacional"
"
2500
",dia,0,"
320
","
4
","
4
","
2
",florianopolis,"Avenida dos Dourados, Jurerê Internacional"
"
500
",dia,0,"
100
","
3
","
2
",0,florianopolis,"Estrada Jornalista Jaime de Arruda Ramos, Ponta das Canas"
"
500
",dia,0,"
100
","
3
","
2
",0,florianopolis,"Estrada Jornalista Jaime de Arruda Ramos, Ponta das Canas"
"
660
",dia,0,"
90
","
3
","
2
","
1
",florianopolis,"Rua Joel Moura, Canasvieiras"
"
1670
",mês, 42,"
100
","
3
","
1
",0,florianopolis,"São João do Rio Vermelho, Florianópolis"
"
750
",dia,0,"
70
","
2
","
2
","
1
",florianopolis,"Rua Madre Maria Vilac, Canasvieiras"
"
3700
",mês, 141,"
82
","
3
","
2
","
3
",florianopolis,"Rua Santa Luzia, Trindade"
"
4500
",mês, 99,"
224
","
4
","
3
","
2
",florianopolis,"Rua Cônego Thomaz Fontes, Santa Mônica"
"
800
",dia,0,"
250
","
4
","
3
",0,florianopolis,"Estrada Dom João Becker, Ingleses do Rio Vermelho"
"
1300
",dia,0,"
200
","
4
","
4
","
4
",florianopolis,"Rua Olegário Pereira, Cachoeira do Bom Jesus"
"
450
",dia,0,"
60
","
2
","
2
",0,florianopolis,"Rua Cônego Walmor Castro, Ponta das Canas"
"
530
",dia,0,"
72
","
3
","
2
",0,florianopolis,"Estrada Jornalista Jaime de Arruda Ramos, Ponta das Canas"
"
2250
",dia,0,"
210
","
5
","
5
","
4
",florianopolis,"Rua Léa Castro Ramos, Praia Brava"
"
880
",dia,0,"
150
","
3
","
3
","
2
",florianopolis,"Rua João Luiz da Silva Brito, Canasvieiras"
"
1250
",dia,0,"
160
","
3
","
2
",0,florianopolis,"Rua Vereador Osni Ortiga, Lagoa da Conceição"
"
1650
",mês, 1000,"
85
","
1
","
1
","
2
",florianopolis,"São João do Rio Vermelho, Florianópolis"
"
730
",dia,0,"
150
","
4
","
3
","
1
",florianopolis,"Rua Boaventura, Cachoeira do Bom Jesus"
"
5500
",mês, 306,"
325
","
4
","
3
","
2
",florianopolis,"Rua Vereador José do Vale Pereira, Coqueiros"
"
4500
",mês,0,"
240
","
3
","
3
","
2
",florianopolis,"Servidão Ana Maria da Costa, Campeche"
"
4500
",mês, 100,"
224
","
4
","
3
","
2
",florianopolis,"Rua Cônego Thomaz Fontes, Santa Mônica"
"
9000
",mês, 1940,"
687
","
5
","
8
","
4
",florianopolis,"Rua Jerônimo José Dias, Saco dos Limões"
"
6500
",mês,0,"
350
","
6
","
6
","
3
",florianopolis,"Pantanal, Florianópolis"
"
2150
",dia, 1,"
195
","
4
","
4
","
2
",florianopolis,"Rua Léa Castro Ramos, Praia Brava"
"
1700
",mês,0,"
300
","
6
","
6
","
2
",florianopolis,"Avenida dos Salmões, Jurerê Internacional"
"
580
",dia,0,"
85
","
2
","
1
","
1
",florianopolis,"Rua Alcides Bonatelli, Ponta das Canas"
"
1300
",dia,0,"
170
","
4
","
3
","
2
",florianopolis,"Avenida dos Jerivás, Cachoeira do Bom Jesus"
"
1500
",dia,0,"
190
","
3
","
4
","
2
",florianopolis,"Avenida Luiz Boiteux Piazza, Cachoeira do Bom Jesus"
"
9500
",mês, 265,"
330
","
5
","
5
","
4
",florianopolis,"Rodovia Rafael da Rocha Pires, Sambaqui"
"
400
",dia,0,"
180
","
2
","
1
","
2
",florianopolis,"Canasvieiras, Florianópolis"
"
700
",dia,0,"
72
","
3
","
2
","
1
",florianopolis,"Estrada Jornalista Jaime de Arruda Ramos, Ponta das Canas"
"
5000
",mês, 81,"
250
","
4
","
4
","
2
",florianopolis,"Servidão Braulina Machado, Vargem Grande"
"
1000
",dia,0,"
110
","
2
","
2
","
1
",florianopolis,"Jurerê Internacional, Florianópolis"
"
650
",dia,0,"
80
","
3
","
2
",0,florianopolis,"Rua Orlando Teixeira, Ponta das Canas"
"
460
",dia,0,"
83
","
3
","
2
","
2
",florianopolis,"Estrada Jornalista Jaime de Arruda Ramos, Ponta das Canas"
"
1500
",dia,0,"
200
","
3
","
2
","
2
",florianopolis,"Rua Pedro Alexandrino, Cachoeira do Bom Jesus"
"
1190
",mês, 69,"
45
","
2
","
1
","
1
",florianopolis,"Rua Visconde de Cairú, Estreito"
"
660
",dia,0,"
100
","
3
","
2
","
1
",florianopolis,"Rua Boa Ventura, Cachoeira do Bom Jesus"
"
7500
",mês, 205,"
450
","
5
","
7
","
3
",florianopolis,"Itacorubi, Florianópolis"
"
3000
",dia,0,"
450
","
5
","
6
","
2
",florianopolis,"Rua dos Bijupirás, Jurerê Internacional"
"
1210
",dia,0,"
200
","
3
","
2
","
3
",florianopolis,"Avenida dos Jerivás, Cachoeira do Bom Jesus"
"
1250
",dia,0,"
200
","
3
","
2
","
3
",florianopolis,"Rua Mário Lacombe, Canasvieiras"
"
5000
",mês, 81,"
250
","
4
","
4
","
2
",florianopolis,"Servidão Braulina Machado, Vargem Grande"
"
1800
",dia,0,"
250
","
4
","
3
","
4
",florianopolis,"Avenida Luiz Boiteux Piazza, Cachoeira do Bom Jesus"
"
750
",dia, 149,"
80
","
3
","
2
",0,florianopolis,"Travessa Porto dos Navegantes, Cachoeira do Bom Jesus"
"
1300
",mês,0,"
50
","
1
","
1
","
2
",florianopolis,"Servidão Dona Vitorina Lopes, Campeche"
"
1700
",mês, 7,"
69
","
2
","
1
","
1
",florianopolis,"Servidão Coral, Campeche"
"
380
",dia,0,"
85
","
2
","
2
",0,florianopolis,"Rua Diácono Nemésio Coelho, Ponta das Canas"
"
400
",dia,0,"
45
","
2
","
1
","
1
",florianopolis,"Rua Iolita Siqueira, Ponta das Canas"
"
500
",dia,0,"
80
","
2
","
2
",0,florianopolis,"Rua Iolita Siqueira, Ponta das Canas"
"
1700
",mês,0,"
69
","
2
","
1
","
1
",florianopolis,"Campeche, Florianópolis"
"
2500
",dia,0,"
490
","
5
","
7
","
4
",florianopolis,"Rua das Tibiras, Jurerê Internacional"
"
3950
",mês, 598,"
218
","
3
","
3
","
2
",florianopolis,"Rua Gécio de Souza e Silva, Sambaqui"
"
1700
",mês,0,"
60
","
2
","
1
","
1
",florianopolis,"Servidão João Gonçalves Pereira, Rio Tavares"
"
2300
",mês, 480,"
60
","
2
","
2
","
2
",florianopolis,"Rua das Garças, Campeche"
"
1350
",dia,0,"
170
","
4
","
3
","
3
",florianopolis,"Rua Vidal Ramos Neto, Canasvieiras"
"
7000
",mês, 170,"
480
","
3
","
5
","
4
",florianopolis,"Rua Antônio Mattos Areas, Balneário"
"
900
",dia,0,"
135
","
4
","
3
","
2
",florianopolis,"Estrada Jornalista Jaime de Arruda Ramos, Ponta das Canas"
"
530
",dia,0,"
95
","
3
","
2
",0,florianopolis,"Rua Iolita Siqueira, Ponta das Canas"
"
1000
",dia,0,"
160
","
4
","
4
","
2
",florianopolis,"Estrada Jornalista Jaime de Arruda Ramos, Ponta das Canas"
"
1180
",dia,0,"
200
","
6
","
5
","
3
",florianopolis,"Avenida Epitácio Bittencourt, Ponta das Canas"
"
5000
",mês,0,"
185
","
3
","
3
","
3
",florianopolis,"Santa Mônica, Florianópolis"
"
550
",mês, 12,"
45
","
2
","
1
","
1
",florianopolis,"Servidão Guilherme Evaristo dos Santos, Vargem Grande"
"
750
",mês,0,"
48
","
1
","
1
",0,florianopolis,"Servidão Santino, Estreito"
"
480
",dia,0,"
63
","
2
","
1
","
1
",florianopolis,"Rua Iolita Siqueira, Ponta das Canas"
"
6900
",mês, 125,"
150
","
3
","
2
",0,florianopolis,"Rua Otávio Cruz, Campeche"
"
1180
",dia,0,"
180
","
3
","
3
","
6
",florianopolis,"Servidão da Graça, Santinho"
"
1150
",mês, 21,"
65
","
3
","
1
",0,florianopolis,"Servidão Meu Cantinho, Saco Grande"
"
7000
",mês,0,"
260
","
4
","
4
","
4
",florianopolis,"Agronômica, Florianópolis"
"
5300
",mês, 140,"
221
","
4
","
3
","
4
",florianopolis,"Santa Mônica, Florianópolis"
"
1400
",dia,0,"
200
","
3
","
3
","
4
",florianopolis,"Rua dos Coqueiros Verdes, Cachoeira do Bom Jesus"
"
5000
",mês, 90,"
230
","
3
","
2
","
2
",florianopolis,"Rua Otávio Francisco Quintino, Joao Paulo"
"
840
",mês,0,"
47
","
2
","
1
","
1
",florianopolis,"São João do Rio Vermelho, Florianópolis"
"
3500
",dia,0,"
320
","
4
","
3
","
2
",florianopolis,"Rua dos Aruanãs, Jurerê Internacional"
"
960
",mês,0,"
45
","
1
","
1
","
1
",florianopolis,"São João do Rio Vermelho, Florianópolis"
"
300
",dia,0,"
121
","
1
","
1
","
2
",florianopolis,"Servidão Novas Palmeiras, São João do Rio Vermelho"
"
480
",dia,0,"
70
","
2
","
1
","
1
",florianopolis,"Rua Doutor João de Oliveira, Canasvieiras"
"
970
",mês,0,"
30
","
1
","
1
","
1
",florianopolis,"São João do Rio Vermelho, Florianópolis"
"
5500
",mês, 295,"
360
","
5
","
1
","
2
",florianopolis,"Rua Vereador José do Vale Pereira, Coqueiros"
"
1940
",mês, 179,"
75
","
3
","
1
",0,florianopolis,"Centro, Florianópolis"
"
1800
",mês, 50,"
60
","
1
","
1
","
1
",florianopolis,"Lagoa da Conceição, Florianópolis"
"
1100
",mês, 25,"
50
","
2
","
1
",0,florianopolis,"Rua Coronel Pedro Demoro, Balneário"
"
850
",dia,0,"
120
","
3
","
3
","
2
",florianopolis,"Avenida Luiz Boiteux Piazza, Cachoeira do Bom Jesus"
"
1250
",dia,0,"
170
","
4
","
3
","
3
",florianopolis,"Rua Desembargador Rid Silva, Canasvieiras"
"
350
",dia,0,"
48
","
2
","
1
","
1
",florianopolis,"Estrada Jornalista Jaime de Arruda Ramos, Ponta das Canas"
"
7000
",mês, 109,"
350
","
5
","
5
","
4
",florianopolis,"Rua Doutor Djalma Moellmann, Centro"
"
1650
",dia,0,"
200
","
4
","
3
","
2
",florianopolis,"Rua dos Cambuatas, Jurerê"
"
3550
",mês, 124,"
164
","
3
","
2
","
2
",florianopolis,"Santa Mônica, Florianópolis"
"
1400
",dia,0,"
200
","
3
","
4
","
3
",florianopolis,"Ingleses do Rio Vermelho, Florianópolis"
"
380
",dia,0,"
85
","
2
","
1
","
2
",florianopolis,"Estrada Jornalista Jaime de Arruda Ramos, Ponta das Canas"
"
700
",mês, 25,"
50
","
2
","
1
","
1
",florianopolis,"Estreito, Florianópolis"
"
1200
",dia, 1,"
120
","
3
","
2
","
2
",florianopolis,"Rua Ênnio Cavallazzi, Praia Brava"
"
600
",dia,0,"
112
","
2
","
1
","
1
",florianopolis,"Estrada Jornalista Jaime de Arruda Ramos, Ponta das Canas"
"
5000
",mês, 92,"
150
","
3
","
2
","
4
",florianopolis,"Rua Florisbelo Silva, Sambaqui"
"
6500
",mês, 679,"
335
","
4
","
3
","
3
",florianopolis,"Rua João Henrique Gonçalves, Lagoa da Conceição"
"
4800
",mês, 125,"
180
","
2
","
2
","
2
",florianopolis,"Rua das Piraúnas, Jurerê Internacional"
"
2200
",dia,0,"
413
","
4
","
1
","
4
",florianopolis,"Rua dos Pintados, Jurerê Internacional"
"
5000
",mês, 1932,"
141
","
1
","
1
",0,florianopolis,"Rua Duarte Schutel, Centro"
"
1200
",dia,0,"
125
","
3
","
4
","
2
",florianopolis,"Avenida Luiz Boiteux Piazza, Cachoeira do Bom Jesus"
"
675
",dia,0,"
150
","
3
","
1
","
4
",florianopolis,"Estrada Dom João Becker, Ingleses do Rio Vermelho"
"
2500
",dia,0,"
300
","
4
","
4
","
2
",florianopolis,"Rua dos Cações, Jurerê Internacional"
"
600
",dia,0,"
96
","
3
","
2
","
2
",florianopolis,"Rua Franklin Cascaes, Ponta das Canas"
"
6500
",mês, 679,"
335
","
4
","
3
","
3
",florianopolis,"Rua João Henrique Gonçalves, Lagoa da Conceição"
"
3200
",dia,0,"
500
","
4
","
5
","
2
",florianopolis,"Rua das Tainhas, Jurerê Internacional"
"
4750
",mês, 1580,"
234
","
4
","
5
","
6
",florianopolis,"Estrada Caminho dos Açores, Santo Antônio de Lisboa"
"
900
",dia,0,"
120
","
3
","
2
","
3
",florianopolis,"Rua da Alegria, Cachoeira do Bom Jesus"
"
9000
",mês, 81,"
200
","
2
","
3
","
10
",florianopolis,"Avenida Pequeno Príncipe, Campeche"
"
8500
",mês,0,"
300
","
4
","
4
","
1
",florianopolis,"Rua dos Cações, Jurerê Internacional"
"
3250
",mês, 201,"
180
","
4
","
2
","
1
",florianopolis,"Centro, Florianópolis"
"
820
",mês,0,"
32
","
1
","
1
","
1
",florianopolis,"São João do Rio Vermelho, Florianópolis"
"
480
",dia,0,"
104
","
3
","
2
",0,florianopolis,"Rua Deputado Fernando Viegas, Ponta das Canas"
"
600
",dia,0,"
220
","
3
","
2
","
1
",florianopolis,"Rua Sitio Jannis, Cachoeira do Bom Jesus"
"
2300
",mês, 480,"
60
","
2
","
2
","
2
",florianopolis,"Rua das Garças, Campeche"
"
580
",dia,0,"
56
","
3
","
2
","
1
",florianopolis,"Rua Iolita Siqueira, Ponta das Canas"
"
2200
",dia,0,"
150
","
4
","
2
","
3
",florianopolis,"Rua das Flores, Canasvieiras"
"
1200
",dia,0,"
132
","
4
","
3
","
2
",florianopolis,"Rua Iolita Siqueira, Ponta das Canas"
"
1200
",dia,0,"
200
","
4
","
3
","
4
",florianopolis,"Rua Jardim Giselle, Cachoeira do Bom Jesus"
"
2200
",mês, 900,"
146
","
4
","
2
","
1
",florianopolis,"Servidão Solar das Oliveiras, Ingleses do Rio Vermelho"
"
750
",dia,0,"
190
","
4
","
3
","
1
",florianopolis,"Estrada Jornalista Jaime de Arruda Ramos, Ponta das Canas"
"
1100
",dia,0,"
70
","
4
","
3
","
3
",florianopolis,"Rua José Daux, Canasvieiras"
"
450
",mês, 15,"
35
","
1
","
1
","
1
",florianopolis,"Estreito, Florianópolis"
"
2200
",dia,0,"
330
","
3
","
3
",0,florianopolis,"Rua dos Marimbaus, Jurerê Internacional"
"
8500
",mês, 207,"
330
","
4
","
3
","
5
",florianopolis,"Rodovia Rafael da Rocha Pires, Sambaqui"
"
1210
",dia,0,"
100
","
3
","
2
","
1
",florianopolis,"Travessa Sanderson Bittencourt, Jurerê"
"
4800
",mês, 250,"
194
","
6
","
3
","
4
",florianopolis,"Rua Luiz Pasteur, Trindade"
"
7000
",mês,0,"
3000
","
3
","
3
",0,florianopolis,"Avenida das Rendeiras, Lagoa da Conceição"
"
8000
",mês, 260,"
388
","
5
","
7
","
2
",florianopolis,"Rua Vera Linhares de Andrade, Córrego Grande"
"
4800
",mês, 221,"
276
","
6
","
2
","
2
",florianopolis,"Rua Luiz Pasteur, Trindade"
"
1800
",dia,0,"
300
","
4
","
2
","
2
",florianopolis,"Ingleses do Rio Vermelho, Florianópolis"
"
4500
",mês, 1079,"
200
","
3
","
4
","
1
",florianopolis,"Itacorubi, Florianópolis"
"
2250
",dia,0,"
205
","
4
","
4
","
4
",florianopolis,"Rua Léa Castro Ramos, Praia Brava"
"
700
",dia,0,"
110
","
3
","
2
",0,florianopolis,"Rua Cônego Walmor Castro, Ponta das Canas"
"
700
",dia,0,"
110
","
3
","
2
",0,florianopolis,"Rua Cônego Walmor Castro, Ponta das Canas"
"
380
",dia,0,"
80
","
3
","
2
",0,florianopolis,"Rua Iolita Siqueira, Ponta das Canas"
"
2500
",mês, 75,"
110
","
3
","
3
",0,florianopolis,"Rua Prefeito Dib Cherem, Capoeiras"
"
900
",mês, 29,"
40
","
1
","
1
","
1
",florianopolis,"Estrada Cristóvão Machado de Campos, Vargem Grande"
"
750
",mês, 74,"
40
","
1
","
1
",0,florianopolis,"Rua Conde Afonso Celso, Capoeiras"
"
900
",dia,0,"
117
","
4
","
2
","
1
",florianopolis,"Rua Cônego Walmor Castro, Ponta das Canas"
"
990
",dia,0,"
200
","
4
","
4
","
4
",florianopolis,"Rua Hypólito Gregório Pereira, Canasvieiras"
"
1000
",dia,0,"
165
","
3
","
3
","
2
",florianopolis,"Ingleses do Rio Vermelho, Florianópolis"
"
2200
",dia,0,"
155
","
5
","
5
",0,florianopolis,"Estrada Jornalista Jaime de Arruda Ramos, Ponta das Canas"
"
2000
",dia,0,"
240
","
4
","
4
","
2
",florianopolis,"Rua das Palombetas, Jurerê Internacional"
"
680
",dia,0,"
120
","
3
","
2
","
2
",florianopolis,"Ingleses do Rio Vermelho, Florianópolis"
"
480
",dia,0,"
90
","
2
","
1
","
1
",florianopolis,"Estrada Jornalista Jaime de Arruda Ramos, Ponta das Canas"
"
350
",dia, 10,"
75
","
2
","
1
","
1
",florianopolis,"Ingleses do Rio Vermelho, Florianópolis"
"
10000
",mês,0,"
180
","
3
","
4
","
4
",florianopolis,"Avenida dos Búzios, Jurerê Internacional"
"
2400
",dia,0,"
200
","
4
","
4
","
2
",florianopolis,"Estrada Jornalista Jaime de Arruda Ramos, Ponta das Canas"
"
6500
",mês,0,"
150
","
3
","
3
","
2
",florianopolis,"Rua Rita Lourenço da Silveira, Lagoa da Conceição"
"
3500
",mês, 91,"
96
","
3
","
2
","
6
",florianopolis,"Rua São Vicente de Paula, Agronômica"
"
350
",dia,0,"
68
","
1
","
1
","
1
",florianopolis,"Avenida Tom Traugott Wildi, Praia Brava"
"
4000
",mês, 101,"
200
","
4
","
5
","
1
",florianopolis,"Rua Quatorze Bis, Carianos"
"
4000
",mês,0,"
250
","
4
","
1
","
2
",florianopolis,"Lagoa da Conceição, Florianópolis"
"
4200
",mês, 79,"
280
","
3
","
3
","
1
",florianopolis,"Lagoa da Conceição, Florianópolis"
"
350
",dia,0,"
80
","
2
","
1
","
1
",florianopolis,"Estrada Jornalista Jaime de Arruda Ramos, Ponta das Canas"
"
420
",dia,0,"
80
","
2
","
1
",0,florianopolis,"Estrada Jornalista Jaime de Arruda Ramos, Ponta das Canas"
"
2530
",dia,0,"
200
","
7
","
4
","
5
",florianopolis,"Rua Antenor Borges, Canasvieiras"
"
9000
",mês, 250,"
250
","
4
","
5
","
4
",florianopolis,"Rua Joe Collaço, Santa Mônica"
"
5200
",mês, 194,"
371
","
5
","
1
","
2
",florianopolis,"Rua Visconde de Taunay, Agronômica"
"
8500
",mês, 196,"
400
","
4
","
5
","
6
",florianopolis,"Rua Ernesto Stodieck, Centro"
"
1100
",dia,0,"
150
","
4
","
4
","
4
",florianopolis,"Servidão Fragata da Cachoeira, Cachoeira do Bom Jesus"
"
1000
",dia,0,"
210
","
3
","
2
","
2
",florianopolis,"Canasvieiras, Florianópolis"
"
7000
",mês, 365,"
469
","
5
","
6
","
5
",florianopolis,"Rua Priscila Novo Nunes Pires, Itacorubi"
"
7000
",mês, 365,"
469
","
5
","
6
","
5
",florianopolis,"Rua Priscila Novo Nunes Pires, Itacorubi"
"
1350
",dia,0,"
170
","
4
","
4
",0,florianopolis,"Estrada Jornalista Jaime de Arruda Ramos, Ponta das Canas"
"
13000
",mês, 2103,"
350
","
5
","
2
","
4
",florianopolis,"Rua dos Robaletes, Jurerê Internacional"
"
8000
",mês, 248,"
430
","
6
","
4
","
4
",florianopolis,"Rua do Babaçú, Itacorubi"
"
3700
",mês, 600,"
150
","
6
","
3
","
4
",florianopolis,"Rua Manoel Pedro Vieira, Morro das Pedras"
"
1300
",mês,0,"
58
","
2
","
1
",0,florianopolis,"Agronômica, Florianópolis"
"
3000
",mês,0,"
250
","
10
","
5
","
3
",florianopolis,"Rua Desembargador Gil Costa, Estreito"
"
9500
",mês,0,"
320
","
5
","
3
","
2
",florianopolis,"Rodovia Rafael da Rocha Pires, Sambaqui"
"
3500
",dia,0,"
673
","
4
","
2
","
3
",florianopolis,"Rua das Garoupas, Jurerê Internacional"
"
1100
",dia,0,"
130
","
4
","
3
","
4
",florianopolis,"Rua Doutor Hélio Anjos Ortiz, Canasvieiras"
"
600
",dia,0,"
82
","
3
","
2
",0,florianopolis,"Estrada Jornalista Jaime de Arruda Ramos, Ponta das Canas"
"
1500
",dia,0,"
400
","
4
","
4
","
3
",florianopolis,"Rua dos Aruanãs, Jurerê Internacional"
"
780
",mês, 16,"
32
","
1
","
1
","
1
",florianopolis,"Servidão Nossa Senhora do Desterro, Carianos"
"
500
",mês, 35,"
15
","
1
","
1
","
1
",florianopolis,"Santo Antônio de Lisboa, Florianópolis"
"
1100
",dia,0,"
170
","
4
","
3
","
4
",florianopolis,"Rua Apóstolo Paschoal, Canasvieiras"
"
4100
",mês, 158,"
161
","
4
","
2
","
1
",florianopolis,"Rodovia João Paulo, Joao Paulo"
"
1700
",dia,0,"
190
","
5
","
2
",0,florianopolis,"Travessa da Enseada, Cachoeira do Bom Jesus"
"
480
",dia,0,"
80
","
3
","
2
",0,florianopolis,"Estrada Jornalista Jaime de Arruda Ramos, Ponta das Canas"
"
1750
",dia,0,"
220
","
4
","
4
","
5
",florianopolis,"Canasvieiras, Florianópolis"
"
8000
",mês, 850,"
347
","
4
","
5
","
4
",florianopolis,"Servidão Caminho do Pescador, Lagoa da Conceição"
"
3000
",dia,0,"
420
","
2
","
5
","
3
",florianopolis,"Avenida dos Búzios, Jurerê Internacional"
"
350
",dia, 10,"
75
","
2
","
1
","
1
",florianopolis,"Ingleses do Rio Vermelho, Florianópolis"
"
6500
",mês,0,"
280
","
4
","
4
","
4
",florianopolis,"Rua Desembargador Ferreira Bastos, Coqueiros"
"
16000
",mês, 358,"
392
","
4
","
5
","
4
",florianopolis,"Rua das Sapopemas, Jurerê"
"
1500
",dia,0,"
170
","
4
","
4
","
5
",florianopolis,"Rua Mário Lacombe, Canasvieiras"
"
2100
",dia,0,"
296
","
6
","
7
","
6
",florianopolis,"Rua Cônego Walmor Castro, Ponta das Canas"
"
580
",dia,0,"
84
","
3
","
3
",0,florianopolis,"Estrada Jornalista Jaime de Arruda Ramos, Ponta das Canas"
"
1700
",dia,0,"
100
","
4
","
3
",0,florianopolis,"Estrada Jornalista Jaime de Arruda Ramos, Ponta das Canas"
"
6000
",mês,0,"
421
","
3
","
2
","
6
",florianopolis,"Rua Elesbão Pinto da Luz, Jardim Atlântico"
"
1000
",dia,0,"
350
","
5
","
6
","
2
",florianopolis,"Rua dos Cações, Jurerê Internacional"
"
11500
",mês, 1100,"
200
","
3
","
3
","
2
",florianopolis,"Estrada Haroldo Soares Glavan, Cacupé"
"
2400
",dia, 300,"
400
","
5
","
1
","
5
",florianopolis,"Estrada Dom João Becker, Ingleses do Rio Vermelho"
"
6000
",dia,0,"
520
","
4
","
2
","
2
",florianopolis,"Avenida dos Búzios, Jurerê Internacional"
"
14000
",mês, 800,"
480
","
5
","
6
","
2
",florianopolis,"Servidão Natalicia Pereira, Joao Paulo"
"
5900
",mês, 300,"
300
","
3
","
3
","
2
",florianopolis,"Canasvieiras, Florianópolis"
"
6000
",mês,0,"
270
","
3
","
3
","
2
",florianopolis,"Rua Paula Ramos, Coqueiros"
"
6500
",mês, 702,"
350
","
4
","
4
","
3
",florianopolis,"Rua João Henrique Gonçalves, Lagoa da Conceição"
"
1900
",dia,0,"
100
","
5
","
3
",0,florianopolis,"Estrada Jornalista Jaime de Arruda Ramos, Ponta das Canas"
"
430
",dia,0,"
80
","
3
","
2
",0,florianopolis,"Rua Iolita Siqueira, Ponta das Canas"
"
6500
",mês, 701,"
350
","
3
","
4
","
13
",florianopolis,"Rua João Henrique Gonçalves, Lagoa da Conceição"
"
7600
",mês, 2200,"
270
","
4
","
3
","
2
",florianopolis,"Jurerê Internacional, Florianópolis"
"
2500
",dia,0,"
495
","
5
","
6
","
4
",florianopolis,"Rua das Tibiras, Jurerê Internacional"
"
4800
",mês,0,"
90
","
3
","
2
","
1
",florianopolis,"Rua Corália Ferreira da Luz, Centro"
"
1200
",dia,0,"
220
","
5
","
2
","
4
",florianopolis,"Canasvieiras, Florianópolis"
"
5000
",mês, 2400,"
350
","
3
","
5
","
4
",florianopolis,"Campeche, Florianópolis"
"
16000
",mês, 358,"
392
","
4
","
5
","
4
",florianopolis,"Rua das Sapopemas, Jurerê"
"
8000
",dia,0,"
606
","
4
","
2
","
4
",florianopolis,"Rua da Anchôva, Jurerê Internacional"
"
1400
",dia,0,"
220
","
4
","
3
","
3
",florianopolis,"Canasvieiras, Florianópolis"
"
4000
",mês, 1250,"
240
","
3
","
3
","
2
",florianopolis,"Ingleses do Rio Vermelho, Florianópolis"
"
7000
",mês, 2000,"
264
","
4
","
4
","
7
",florianopolis,"Rua Deputado Walter Gomes, Santo Antônio de Lisboa"
"
1280
",mês, 7,"
33
","
2
","
1
","
1
",florianopolis,"Rua Hélio Cirillo Barcelos, Carianos"
"
7345
",mês,0,"
300
","
4
","
3
","
2
",florianopolis,"Parque São Jorge, Florianópolis"
"
2300
",mês, 30,"
207
","
3
","
3
","
2
",blumenau,"Rua João Pessoa, Velha"
"
2200
",mês,0,"
140
","
4
","
2
","
2
",blumenau,"Velha, Blumenau"
"
2300
",mês,0,"
180
","
4
","
3
","
2
",blumenau,"Rua Frei Estanislau Schaette, Água Verde"
"
2300
",mês,0,"
228
","
3
","
3
","
2
",blumenau,"Garcia, Blumenau"
"
1400
",mês, 300,"
150
","
3
","
3
","
2
",blumenau,"Ponta Aguda, Blumenau"
"
1300
",mês,0,"
145
","
4
","
2
","
2
",blumenau,"Rua Bruno Schreiber, Progresso"
"
2200
",mês, 37,"
209
","
4
","
3
","
3
",blumenau,"Itoupava Seca, Blumenau"
"
1800
",mês,0,"
100
","
3
","
2
","
1
",blumenau,"Progresso, Blumenau"
"
980
",mês,0,"
120
","
3
","
2
","
2
",blumenau,"Rua Elsa Brehmer, Velha"
"
1400
",mês,0,"
120
","
3
","
1
","
2
",blumenau,"Rua Max Link, Itoupava Central"
"
2500
",mês, 78,"
240
","
4
","
3
","
2
",blumenau,"Rua Centenário, Valparaíso"
"
800
",mês,0,"
158
","
2
","
1
","
1
",blumenau,"Velha Central, Blumenau"
"
1200
",mês,0,"
150
","
3
","
1
","
2
",blumenau,"Vorstadt, Blumenau"
"
2750
",mês,0,"
228
","
6
","
4
","
2
",blumenau,"Garcia, Blumenau"
"
1100
",mês, 11,"
180
","
3
","
1
","
3
",blumenau,"Velha, Blumenau"
"
1100
",mês,0,"
84
","
2
","
1
","
1
",blumenau,"Itoupavazinha, Blumenau"
"
1500
",mês,0,"
140
","
4
","
2
","
6
",blumenau,"Rua Rodolfho Fischer, Itoupava Central"
"
3405
",mês, 90,"
190
","
4
","
1
","
2
",blumenau,"Rua Câmara Júnior, Garcia"
"
1185
",mês,0,"
180
","
3
","
1
","
1
",blumenau,"Rua Oswaldo Reichert, Progresso"
"
2305
",mês,0,"
180
","
3
","
3
","
6
",blumenau,"Rua Alberto Müller, Garcia"
"
1400
",mês, 42,"
78
","
3
","
2
","
2
",blumenau,"Itoupava Norte, Blumenau"
"
800
",mês,0,"
80
","
2
","
1
",0,blumenau,"Rua Teresina, Bom Retiro"
"
2305
",mês,0,"
273
","
3
","
3
","
2
",blumenau,"Rua José Hostert, Valparaíso"
"
1810
",mês,0,"
120
","
3
","
2
","
1
",blumenau,"Progresso, Blumenau"
"
1850
",mês,0,"
240
","
6
","
3
","
2
",blumenau,"Rua Porto Belo, Velha"
"
850
",mês,0,"
60
","
2
","
1
","
1
",blumenau,"Rua Arno Barth, Badenfurt"
"
6000
",mês, 600,"
219
","
5
","
6
","
4
",blumenau,"Rua Indaial, Victor Konder"
"
905
",mês,0,"
100
","
3
","
1
","
1
",blumenau,"Rua Belo Horizonte, Glória"
"
3300
",mês, 94,"
273
","
4
","
4
","
10
",blumenau,"Bom Retiro, Blumenau"
"
2000
",mês,0,"
160
","
3
","
2
","
2
",blumenau,"Água Verde, Blumenau"
"
1700
",mês,0,"
89
","
2
","
2
","
1
",blumenau,"Rua Biguaçú, Água Verde"
"
2150
",mês,0,"
140
","
3
","
2
","
1
",blumenau,"Rua Valcírio Gaio, Salto do Norte"
"
2900
",mês, 1500,"
282
","
4
","
2
","
2
",blumenau,"Escola Agrícola, Blumenau"
"
1800
",mês,0,"
150
","
3
","
1
","
1
",blumenau,"Itoupava Central, Blumenau"
"
1700
",mês, 64,"
180
","
4
","
2
","
2
",blumenau,"Água Verde, Blumenau"
"
1100
",mês,0,"
120
","
3
","
1
","
1
",blumenau,"Itoupava Central, Blumenau"
"
3500
",mês,0,"
300
","
5
","
4
","
18
",blumenau,"Garcia, Blumenau"
"
950
",mês,0,"
100
","
3
","
2
","
1
",blumenau,"Rua Tapajós, Salto do Norte"
"
1500
",mês,0,"
54
","
2
","
1
","
2
",blumenau,"Velha Central, Blumenau"
"
1000
",mês, 15,"
55
","
2
","
1
","
1
",blumenau,"Vorstadt, Blumenau"
"
1400
",mês,0,"
120
","
2
","
2
","
1
",blumenau,"Escola Agrícola, Blumenau"
"
3000
",mês,0,"
500
","
3
","
4
","
15
",blumenau,"Rua Sete de Abril, Itoupava Norte"
"
1000
",mês,0,"
58
","
2
","
1
","
3
",blumenau,"Velha Central, Blumenau"
"
6000
",mês,0,"
700
","
4
","
6
","
4
",blumenau,"Escola Agrícola, Blumenau"
"
1800
",mês,0,"
150
","
3
","
2
","
2
",blumenau,"Valparaíso, Blumenau"
"
1800
",mês, 50,"
125
","
3
","
1
","
3
",blumenau,"Asilo, Blumenau"
"
1605
",mês, 21,"
120
","
4
","
2
","
2
",blumenau,"Rua Germano Schreiber, Garcia"
"
1400
",mês,0,"
91
","
4
","
2
","
1
",blumenau,"Velha, Blumenau"
"
1150
",mês, 20,"
45
","
1
","
1
","
3
",blumenau,"Asilo, Blumenau"
"
1205
",mês,0,"
80
","
2
","
1
","
2
",blumenau,"Rua Cônsul Roberto José Castro, Velha"
"
2500
",mês, 802,"
115
","
2
","
1
","
2
",blumenau,"Victor Konder, Blumenau"
"
1900
",mês, 46,"
197
","
3
","
3
","
2
",blumenau,"Velha, Blumenau"
"
2900
",mês, 24,"
151
","
3
","
2
","
2
",blumenau,"Garcia, Blumenau"
"
2300
",mês,0,"
145
","
4
","
2
","
2
",blumenau,"Velha, Blumenau"
"
2680
",mês,0,"
188
","
3
","
3
","
4
",blumenau,"Velha, Blumenau"
"
1000
",mês,0,"
100
","
3
","
1
","
2
",blumenau,"Vorstadt, Blumenau"
"
850
",mês,0,"
60
","
2
","
1
","
1
",blumenau,"Rua Arno Barth, Badenfurt"
"
1800
",mês,0,"
106
","
3
","
2
","
2
",blumenau,"Garcia, Blumenau"
"
850
",mês,0,"
120
","
3
","
1
","
1
",blumenau,"Garcia, Blumenau"
"
2500
",mês, 77,"
250
","
3
","
3
","
2
",blumenau,"Velha, Blumenau"
"
950
",mês, 16,"
63
","
2
","
1
",0,blumenau,"Badenfurt, Blumenau"
"
3300
",mês, 109,"
500
","
4
","
3
","
4
",blumenau,"Rua São Benedito, Fortaleza"
"
3000
",mês,0,"
150
","
4
","
2
","
1
",blumenau,"Garcia, Blumenau"
"
1900
",mês, 1012,"
250
","
3
","
3
","
6
",blumenau,"Rua Primavera, Fortaleza"
"
1800
",mês, 28,"
100
","
2
","
1
",0,blumenau,"Vorstadt, Blumenau"
"
2200
",mês, 40,"
137
","
3
","
3
","
2
",blumenau,"Vorstadt, Blumenau"
"
3000
",mês,0,"
230
","
5
","
4
","
1
",blumenau,"Ponta Aguda, Blumenau"
"
6000
",mês, 1500,"
700
","
4
","
4
","
4
",blumenau,"Escola Agrícola, Blumenau"
"
1400
",mês,0,"
107
","
3
","
1
","
2
",blumenau,"Rua Oswaldo Simon, Velha"
"
2800
",mês, 93,"
250
","
3
","
2
","
4
",blumenau,"Itoupavazinha, Blumenau"
"
1805
",mês,0,"
150
","
3
","
2
","
2
",blumenau,"Rua Emílio Tallmann, Progresso"
"
1400
",mês, 25,"
116
","
4
","
1
","
1
",blumenau,"Velha, Blumenau"
"
2795
",mês,0,"
150
","
4
","
3
","
2
",blumenau,"Rua Guararapes, Garcia"
"
2000
",mês, 289,"
218
","
4
","
2
","
10
",blumenau,"Rua Tijucas, Velha"
"
1750
",mês, 33,"
84
","
2
","
1
","
4
",blumenau,"Progresso, Blumenau"
"
2500
",mês,0,"
230
","
5
","
4
","
7
",blumenau,"Ponta Aguda, Blumenau"
"
2200
",mês,0,"
120
","
3
","
2
","
2
",blumenau,"Salto do Norte, Blumenau"
"
900
",mês,0,"
70
","
3
","
1
","
1
",blumenau,"Rua Ari Barroso, Salto do Norte"
"
6000
",mês,0,"
675
","
4
","
7
","
4
",blumenau,"Escola Agrícola, Blumenau"
"
1150
",mês, 63,"
60
","
2
","
1
","
1
",blumenau,"Velha, Blumenau"
"
1150
",mês, 22,"
100
","
3
","
1
","
1
",blumenau,"Garcia, Blumenau"
"
7700
",mês,0,"
500
","
4
","
6
","
4
",blumenau,"Itoupava Seca, Blumenau"
"
3500
",mês,0,"
383
","
3
","
3
","
2
",blumenau,"Rua Francisco Runze, Escola Agrícola"
"
1700
",mês,0,"
90
","
2
","
3
","
1
",blumenau,"Água Verde, Blumenau"
"
1155
",mês,0,"
85
","
2
","
1
","
1
",blumenau,"Rua Guaianazes, Valparaíso"
"
3000
",mês, 28,"
173
","
3
","
1
","
1
",blumenau,"Itoupava Norte, Blumenau"
"
750
",mês, 45,"
90
","
2
","
1
",0,blumenau,"Badenfurt, Blumenau"
"
3300
",mês, 108,"
300
","
4
","
2
","
1
",blumenau,"Tribess, Blumenau"
"
4000
",mês, 66,"
325
","
5
","
3
","
5
",blumenau,"Velha, Blumenau"
"
1900
",mês, 80,"
250
","
4
","
3
","
6
",blumenau,"Fortaleza, Blumenau"
"
800
",mês,0,"
70
","
2
","
1
","
2
",blumenau,"Garcia, Blumenau"
"
3900
",mês, 69,"
285
","
3
","
3
","
2
",blumenau,"Garcia, Blumenau"
"
3300
",mês, 109,"
317
","
4
","
4
","
4
",blumenau,"Fortaleza, Blumenau"
"
1250
",mês, 15,"
38
","
1
","
1
","
1
",blumenau,"Rua Frei Lucínio Korte, Vila Nova"
"
5000
",mês, 1400,"
380
","
7
","
4
","
2
",blumenau,"Ponta Aguda, Blumenau"
"
1400
",mês,0,"
120
","
3
","
1
","
2
",blumenau,"Itoupava Central, Blumenau"
"
2900
",mês, 60,"
240
","
4
","
3
","
7
",blumenau,"Itoupava Central, Blumenau"
"
4500
",mês, 110,"
408
","
4
","
3
","
2
",blumenau,"Rua Aloys de Zutter, Escola Agrícola"
"
3000
",mês,0,"
180
","
5
","
3
","
10
",blumenau,"Passo Manso, Blumenau"
"
850
",mês, 20,"
100
","
3
","
1
","
1
",blumenau,"Garcia, Blumenau"
"
4500
",mês, 100,"
161
","
4
","
3
","
3
",blumenau,"Bom Retiro, Blumenau"
"
1600
",mês, 383,"
147
","
2
","
1
",0,blumenau,"Rua Uruguai, Ponta Aguda"
"
1000
",mês,0,"
70
","
1
","
1
","
1
",blumenau,"Rua Sheila Dulce Theiss, Fortaleza Alta"
"
1405
",mês, 31,"
120
","
4
","
1
","
5
",blumenau,"Rua Araranguá, Garcia"
"
1700
",mês,0,"
250
","
4
","
1
","
2
",blumenau,"Rua Trombudo Central, Velha"
"
1000
",mês, 66,"
80
","
2
","
2
","
1
",blumenau,"Progresso, Blumenau"
"
750
",mês,0,"
60
","
2
","
1
","
1
",blumenau,"Salto Weissbach, Blumenau"
"
1100
",mês, 67,"
100
","
3
","
2
","
1
",blumenau,"Progresso, Blumenau"
"
5005
",mês, 198,"
289
","
3
","
2
","
2
",blumenau,"Rua Lauro Mueller, Jardim Blumenau"
"
3000
",mês, 55,"
402
","
3
","
3
","
1
",blumenau,"Velha, Blumenau"
"
1300
",mês,0,"
105
","
3
","
1
","
1
",blumenau,"Velha, Blumenau"
"
1050
",mês,0,"
65
","
2
","
2
",0,blumenau,"Progresso, Blumenau"
"
850
",mês, 32,"
50
","
1
","
1
",0,blumenau,"Garcia, Blumenau"
"
1800
",mês,0,"
110
","
3
","
2
","
1
",blumenau,"Progresso, Blumenau"
"
1300
",mês,0,"
76
","
2
","
2
","
1
",blumenau,"Rua Nestor Soares, Itoupavazinha"
"
1800
",mês,0,"
120
","
2
","
1
","
1
",blumenau,"Progresso, Blumenau"
"
4400
",mês,0,"
550
","
4
","
4
","
3
",blumenau,"Centro, Blumenau"
"
3500
",mês,0,"
329
","
3
","
3
","
4
",blumenau,"Rua Hilda Theiss, Garcia"
"
3000
",mês, 646,"
402
","
3
","
3
","
1
",blumenau,"Água Verde, Blumenau"
"
1900
",mês, 46,"
197
","
3
","
3
","
1
",blumenau,"Rua Paul Mantau, Velha"
"
1900
",mês, 46,"
197
","
3
","
3
","
1
",blumenau,"Rua Paul Mantau, Velha"
"
3300
",mês,0,"
287
","
3
","
2
","
6
",blumenau,"Fortaleza, Blumenau"
"
8000
",mês, 2500,"
636
","
3
","
6
","
10
",blumenau,"Rua Vitória, Centro"
"
780
",mês,0,"
40
","
2
","
1
","
1
",blumenau,"Valparaíso, Blumenau"
"
8800
",mês, 213,"
800
","
3
","
1
","
4
",blumenau,"Rua Doutor Sappelt, Victor Konder"
"
3005
",mês,0,"
180
","
4
","
1
","
1
",blumenau,"Rua Amazonas, Garcia"
"
850
",mês,0,"
80
","
2
","
1
","
1
",blumenau,"Glória, Blumenau"
"
9500
",mês, 2578,"
550
","
3
","
4
","
4
",blumenau,"Victor Konder, Blumenau"
"
6000
",mês,0,"
750
","
3
","
5
","
8
",blumenau,"Escola Agrícola, Blumenau"
"
1000
",mês,0,"
80
","
3
","
2
","
1
",blumenau,"Progresso, Blumenau"
"
4500
",mês,0,"
408
","
4
","
3
","
2
",blumenau,"Escola Agrícola, Blumenau"
"
5500
",mês, 1028,"
313
","
3
","
5
","
6
",blumenau,"Boa Vista, Blumenau"
"
6000
",mês, 43,"
670
","
5
","
5
","
6
",blumenau,"Ribeirão Fresco, Blumenau"
"
770
",mês,0,"
55
","
2
","
1
",0,blumenau,"Progresso, Blumenau"
"
2350
",mês, 90,"
230
","
4
","
2
","
2
",blumenau,"Rua Itajaí, Vorstadt"
"
14400
",mês, 227,"
350
","
3
","
6
","
2
",blumenau,"Jardim Blumenau, Blumenau"
"
9000
",mês, 4999,"
446
","
7
","
8
","
6
",blumenau,"Ponta Aguda, Blumenau"
"
550
",mês,0,"
40
","
1
","
1
",0,blumenau,"Progresso, Blumenau"
"
3500
",mês, 300,"
136
","
6
","
3
","
2
",blumenau,"Velha, Blumenau"
"
4000
",mês,0,"
450
","
4
","
1
","
2
",blumenau,"Garcia, Blumenau"
"
4500
",mês, 130,"
400
","
4
","
5
","
2
",blumenau,"Escola Agrícola, Blumenau"
"
2500
",mês, 22,"
110
","
3
","
1
",0,blumenau,"Velha, Blumenau"
"
5500
",mês, 92,"
313
","
3
","
5
","
6
",blumenau,"Rua Guido Kaestner Sênior, Boa Vista"
"
5000
",mês,0,"
331
","
7
","
4
","
3
",blumenau,"Itoupava Norte, Blumenau"
"
12000
",mês,0,"
400
","
4
","
3
","
2
",blumenau,"Centro, Blumenau"
"
8000
",mês,0,"
550
","
4
","
5
","
14
",blumenau,"Rua Doutor Sappelt, Victor Konder"
"
14500
",mês, 2502,"
350
","
4
","
6
","
2
",blumenau,"Jardim Blumenau, Blumenau"
"
12000
",mês,0,"
350
","
6
","
10
","
15
",blumenau,"Centro, Blumenau"
"
1790
",mês,0,"
110
","
3
","
2
","
2
",blumenau,"Rua João XXIII, Itoupava Norte"
"
1900
",mês,0,"
197
","
3
","
3
","
2
",blumenau,"Velha, Blumenau"
"
1800
",mês,0,"
92
","
3
","
3
","
2
",blumenau,"Rua Elvira Lubke, Água Verde"
"
2750
",mês,0,"
180
","
4
","
3
","
3
",blumenau,"Fortaleza, Blumenau"
"
3590
",mês,0,"
250
","
3
","
6
","
3
",blumenau,"Rua Reinoldo Butzke, Vorstadt"
"
1200
",mês,0,"
110
","
2
","
1
","
1
",blumenau,"Rua Frederico Wolfram Sênior, Velha"
"
2000
",mês,0,"
315
","
3
","
2
","
5
",blumenau,"Badenfurt, Blumenau"
"
4500
",mês, 125,"
650
","
6
","
6
","
5
",blumenau,"Velha, Blumenau"
"
3300
",mês,0,"
140
","
3
","
3
",0,blumenau,"Vila Nova, Blumenau"
"
2000
",mês,0,"
100
","
3
","
1
","
3
",brusque,"Primeiro de Maio, Brusque"
"
1350
",mês,0,"
110
","
3
","
1
","
1
",brusque,"Nova Brasília, Brusque"
"
1670
",mês,0,"
100
","
3
","
1
","
2
",brusque,"Primeiro de Maio, Brusque"
"
2710
",mês,0,"
252
","
3
","
1
","
3
",brusque,"Sao Luiz, Brusque"
"
2800
",mês,0,"
200
","
3
","
1
","
2
",brusque,"Cerâmica Reis , Brusque"
"
850
",mês,0,"
55
","
2
","
1
","
1
",brusque,"São Pedro, Brusque"
"
890
",mês,0,"
60
","
2
","
1
","
2
",brusque,"Limeira Alta, Brusque"
"
3340
",mês,0,"
154
","
3
","
1
","
2
",brusque,"Centro II, Brusque"
"
1650
",mês,0,"
100
","
3
","
2
","
1
",brusque,"Guarani, Brusque"
"
890
",mês,0,"
55
","
2
","
1
",0,brusque,"Cedrinho, Brusque"
"
1500
",mês,0,"
80
","
3
","
1
","
1
",brusque,"Dom Joaquim, Brusque"
"
1500
",mês, 300,"
140
","
3
","
1
","
2
",brusque,"Limoeiro, Brusque"
"
2250
",mês,0,"
120
","
4
","
3
","
1
",brusque,"Centro I, Brusque"
"
4500
",mês,0,"
250
","
7
","
4
","
2
",brusque,"Centro II, Brusque"
"
4500
",mês,0,"
320
","
3
","
3
","
3
",brusque,"Rua Riachuelo, Centro"
"
800
",mês,0,"
65
","
2
","
1
","
1
",brusque,"Rua Francisco Thives de Souza, Cedro Alto"
"
5210
",mês,0,"
338
","
4
","
2
","
2
",brusque,"Centro, Brusque"
"
800
",mês,0,"
69
","
2
","
2
","
1
",brusque,"Dom Joaquim, Brusque"
"
1650
",mês,0,"
90
","
3
","
2
","
1
",brusque,"Guarani, Brusque"
"
2250
",mês,0,"
145
","
3
","
1
","
1
",brusque,"Águas Claras, Brusque"
"
1500
",mês, 200,"
97
","
3
","
1
","
2
",brusque,"Limoeiro, Brusque"
"
850
",mês,0,"
70
","
2
","
1
","
1
",brusque,"Rua Marcio Haas, Rio Branco"
"
850
",mês,0,"
45
","
1
","
1
",0,brusque,"Águas Claras, Brusque"
"
950
",mês,0,"
70
","
3
","
1
","
1
",brusque,"Limeira Baixa, Brusque"
"
2700
",mês,0,"
170
","
3
","
2
",0,brusque,"Centro, Brusque"
"
1200
",mês,0,"
200
","
3
","
1
","
1
",brusque,"Rua Afonso Belli, Limoeiro"
"
2500
",mês,0,"
120
","
3
","
1
",0,brusque,"Centro, Brusque"
"
4000
",mês,0,"
750
","
4
","
1
","
2
",brusque,"Centro I, Brusque"
"
10000
",mês,0,"
680
",0,"
2
",0,brusque,"Souza Cruz, Brusque"
"
550
",mês,0,"
26
","
1
","
1
","
1
",brusque,"Rua Vitório Soares, Santa Terezinha"
"
8500
",mês,0,"
400
","
4
",0,0,brusque,"Centro, Brusque"
"
12000
",mês,0,"
3043
","
6
","
2
",0,brusque,"Centro I, Brusque"
